{
  "2": {
    "swaptions": 100.0,
    "ferret": 100.0,
    "bodytrack": 100.0,
    "svm": 25.669999999999998,
    "nn": 12.14,
    "facedetect": 77.10843123820575
  },
  "3": {
    "swaptions": 100.0,
    "ferret": 100.0,
    "bodytrack": 100.0,
    "svm": 25.775,
    "nn": 14.219999999999999,
    "facedetect": 77.10843123820575
  },
  "4": {
    "swaptions": 100.0,
    "ferret": 100.0,
    "bodytrack": 100.0,
    "svm": 25.918,
    "nn": 12.84,
    "facedetect": 77.10843123820575
  },
  "5": {
    "swaptions": 100.0,
    "ferret": 100.0,
    "bodytrack": 100.0,
    "svm": 26.26,
    "nn": 12.879999999999999,
    "facedetect": 77.10843123820575
  },
  "6": {
    "swaptions": 100.0,
    "ferret": 100.0,
    "bodytrack": 100.0,
    "svm": 29.59,
    "nn": 11.799999999999999,
    "facedetect": 77.10843123820575
  }
}