{
  "2": {
    "swaptions": 96.20027589800202,
    "ferret": 95.25098039215685,
    "bodytrack": 78.82165645353417,
    "svm": 29.256,
    "nn": 11.500000000000002,
    "facedetect": 77.10843123820575
  },
  "3": {
    "swaptions": 96.20027589800202,
    "ferret": 95.25098039215685,
    "bodytrack": 78.62865773137196,
    "svm": 28.385999999999996,
    "nn": 11.84,
    "facedetect": 77.10843123820575
  },
  "4": {
    "swaptions": 89.56865391766087,
    "ferret": 95.25098039215685,
    "bodytrack": 77.44638901263227,
    "svm": 27.070999999999998,
    "nn": 12.059999999999999,
    "facedetect": 77.10843123820575
  },
  "5": {
    "swaptions": 85.67960146909854,
    "ferret": 95.25098039215685,
    "bodytrack": 76.51319871879922,
    "svm": 28.145999999999997,
    "nn": 14.460000000000003,
    "facedetect": 77.10843123820575
  },
  "6": {
    "swaptions": 85.67960146909854,
    "ferret": 95.25098039215685,
    "bodytrack": 76.51319871879922,
    "svm": 28.38,
    "nn": 17.8,
    "facedetect": 77.10843123820575
  }
}