{
  "2": {
    "swaptions": 47.23125124229455,
    "ferret": 48.281453827957655,
    "bodytrack": 59.65840914191081,
    "svm": 0.27686,
    "nn": 0.2152,
    "facedetect": 148.75094815241903
  },
  "3": {
    "swaptions": 47.23125124229455,
    "ferret": 36.21104272469418,
    "bodytrack": 62.23471823217134,
    "svm": 0.27623000000000003,
    "nn": 0.22240000000000001,
    "facedetect": 148.750948152419
  },
  "4": {
    "swaptions": 81.01110178779436,
    "ferret": 24.140728035067628,
    "bodytrack": 59.68585490331513,
    "svm": 0.27382999999999996,
    "nn": 0.2259,
    "facedetect": 148.750948152419
  },
  "5": {
    "swaptions": 57.78033492229042,
    "ferret": 12.070310205271344,
    "bodytrack": 55.57715736599189,
    "svm": 0.29789999999999994,
    "nn": 0.2184,
    "facedetect": 148.75094815241903
  },
  "6": {
    "swaptions": 57.78033492229042,
    "ferret": 0.0,
    "bodytrack": 55.577157365991894,
    "svm": 0.2991,
    "nn": 0.201,
    "facedetect": 148.75094815241903
  }
}