{
  "2": {
    "swaptions": 98.92653726209574,
    "ferret": 100.0,
    "bodytrack": 80.28711049835616,
    "svm": 26.514,
    "nn": 11.559999999999999,
    "facedetect": 77.10843123820575
  },
  "3": {
    "swaptions": 98.12144020866754,
    "ferret": 100.0,
    "bodytrack": 98.02871104983561,
    "svm": 27.063000000000006,
    "nn": 12.37,
    "facedetect": 77.10843123820575
  },
  "4": {
    "swaptions": 97.5847088397154,
    "ferret": 100.0,
    "bodytrack": 100.0,
    "svm": 27.887999999999998,
    "nn": 11.580000000000002,
    "facedetect": 77.10843123820575
  },
  "5": {
    "swaptions": 97.31634315523934,
    "ferret": 100.0,
    "bodytrack": 100.0,
    "svm": 28.602000000000004,
    "nn": 11.24,
    "facedetect": 77.10843123820575
  },
  "6": {
    "swaptions": 97.31634315523934,
    "ferret": 100.0,
    "bodytrack": 100.0,
    "svm": 27.07,
    "nn": 11.0,
    "facedetect": 77.10843123820575
  }
}