{
  "2": {
    "swaptions": 67.92566128832505,
    "ferret": 99.81090191084124,
    "bodytrack": 82.70772865661107,
    "svm": 0.28609999999999997,
    "nn": 0.20139999999999997,
    "facedetect": 148.75094815241903
  },
  "3": {
    "swaptions": 80.28385073957793,
    "ferret": 99.81069344791905,
    "bodytrack": 87.0307964924583,
    "svm": 0.28624,
    "nn": 0.2219,
    "facedetect": 148.750948152419
  },
  "4": {
    "swaptions": 80.76188876969695,
    "ferret": 99.81063760612514,
    "bodytrack": 95.67693216415276,
    "svm": 0.28068,
    "nn": 0.21710000000000002,
    "facedetect": 148.750948152419
  },
  "5": {
    "swaptions": 83.31539475274212,
    "ferret": 99.81066021811917,
    "bodytrack": 100.0,
    "svm": 0.27922,
    "nn": 0.2028,
    "facedetect": 148.75094815241903
  },
  "6": {
    "swaptions": 47.23125124229455,
    "ferret": 99.8108689563178,
    "bodytrack": 100.0,
    "svm": 0.2846,
    "nn": 0.22,
    "facedetect": 148.75094815241903
  }
}