{
  "2": {
    "swaptions": 98.18014953823422,
    "ferret": 100.0,
    "bodytrack": 80.28711049835616,
    "svm": 28.274,
    "nn": 12.32,
    "facedetect": 77.10843123820575
  },
  "3": {
    "swaptions": 97.31634315523934,
    "ferret": 99.9372549019608,
    "bodytrack": 89.38877289326669,
    "svm": 28.660999999999994,
    "nn": 12.030000000000001,
    "facedetect": 77.10843123820575
  },
  "4": {
    "swaptions": 97.31634315523934,
    "ferret": 100.0,
    "bodytrack": 95.68003092171554,
    "svm": 26.846999999999998,
    "nn": 12.15,
    "facedetect": 77.10843123820575
  },
  "5": {
    "swaptions": 97.27514204437739,
    "ferret": 100.0,
    "bodytrack": 100.0,
    "svm": 26.778000000000002,
    "nn": 12.959999999999999,
    "facedetect": 77.43674037181441
  },
  "6": {
    "swaptions": 98.44760252256037,
    "ferret": 100.0,
    "bodytrack": 100.0,
    "svm": 26.729999999999997,
    "nn": 12.2,
    "facedetect": 77.10843123820575
  }
}