,AFREQ,EXEC,FREQ,INST,INSTnom%,IPC,L2HIT,L2MPI,L3HIT,PhysIPC%,MEM,GT,Pred
122,1.05,0.715,0.267,0.3737704918032787,0.35700000000000004,2.67,0.8140000000000001,0.000304,0.975,1.34,0.2097,1.0347828770999998,1.0603150109663977
968,0.9345,0.9705,0.7170000000000001,0.7388724035608308,0.48450000000000004,1.355,0.624,0.00187,0.989,0.677,0.712,1.25319029459,1.3685705957824679
133,1.05,0.535,0.265,0.4945652173913043,0.267,2.02,0.82,0.0004280000000000001,0.967,1.01,0.354,1.04339797205,1.050996768171558
130,1.05,0.546,0.268,0.4916839916839917,0.273,2.03,0.836,0.000395,0.963,1.02,0.351,1.04426275441,1.0496470109840015
966,1.05,1.25,0.6729999999999999,0.539906103286385,0.626,1.86,0.951,0.000199,0.938,0.93,0.7090000000000001,1.11261005015,1.0420527694545418
964,0.974,1.11666666667,0.971,0.8681898066786148,0.5579999999999999,1.15,0.223,0.00429,0.997,0.575,0.587,1.85510393422,1.7692434934737467
