{
  "name": "bodytrack",
  "machine_id": 0,
  "model_params": {
    "bodytrack1": {
      "file": "outputs/bodytrack/bodytrack1",
      "mse": 0.036286150226584726,
      "mae": 0.022370207792592394,
      "diff": 0.021373827985505783,
      "r2": 0.7275217913241718,
      "feature": [
        "EXEC",
        "L3MISS",
        "PhysIPC%",
        "L3MPI",
        "INSTnom%",
        "L2MPI",
        "FREQ",
        "L2MISS",
        "MEM",
        "INST",
        "L3HIT",
        "IPC"
      ],
      "poly": true,
      "model_type": "BR"
    }
  },
  "TRAINED": true,
  "CLUSTERED": true,
  "num_of_cluster": 1,
  "cluster_info": {
    "bodytrack1": {
      "cluster": [
        "layer-5-particle-100",
        "layer-2-particle-2266",
        "layer-4-particle-2266",
        "layer-2-particle-1833",
        "layer-1-particle-2700",
        "layer-2-particle-3133",
        "layer-4-particle-4000",
        "layer-3-particle-2266",
        "layer-3-particle-2700",
        "layer-5-particle-2266",
        "layer-5-particle-1399",
        "layer-2-particle-966",
        "layer-2-particle-1399",
        "layer-5-particle-3133",
        "layer-3-particle-1399",
        "layer-5-particle-966",
        "layer-4-particle-1833",
        "layer-1-particle-966",
        "layer-4-particle-3133",
        "layer-5-particle-1833",
        "layer-3-particle-3133",
        "layer-3-particle-966",
        "layer-4-particle-966",
        "layer-2-particle-100",
        "layer-5-particle-533",
        "layer-3-particle-100",
        "layer-2-particle-533",
        "layer-3-particle-1833",
        "layer-1-particle-4000",
        "layer-2-particle-2700",
        "layer-1-particle-1833",
        "layer-3-particle-4000",
        "layer-1-particle-533",
        "layer-1-particle-3133",
        "layer-1-particle-100",
        "layer-2-particle-4000",
        "layer-4-particle-533",
        "layer-1-particle-2266",
        "layer-5-particle-2700",
        "layer-5-particle-4000",
        "layer-4-particle-100",
        "layer-4-particle-2700",
        "layer-3-particle-533",
        "layer-1-particle-1399",
        "layer-4-particle-1399"
      ],
      "env": {
        "ACYC": 2282.0410124373334,
        "AFREQ": 1.0437822970964443,
        "EXEC": 0.32089842928680007,
        "FREQ": 0.1345887514047111,
        "INST": 5441.0670230275555,
        "INSTnom": 0.6417024144374223,
        "INSTnom%": 16.043139925797778,
        "IPC": 2.385478698825333,
        "L2MISS": 6.612349888709777,
        "L2MPI": 0.001241520811759333,
        "L3HIT": 0.9860035971907555,
        "L3MISS": 0.0645004388748511,
        "L3MPI": 1.1674869127350444e-05,
        "PhysIPC": 4.770583066824222,
        "PhysIPC%": 119.25665254139997,
        "READ": 0.10536357690529553,
        "TIME(ticks)": 2119.750613293778,
        "WRITE": 0.031437325443979994
      }
    }
  },
  "overwrite": false,
  "maxes": {
    "EXEC": 1.5,
    "FREQ": 0.942363636364,
    "INST": 1.5498819362455727,
    "INSTnom%": 0.75,
    "IPC": 2.76,
    "L2MISS": 313.88888888900004,
    "L2MPI": 0.0277111111111,
    "L3HIT": 1.0,
    "L3MISS": 5.8275,
    "L3MPI": 0.000695,
    "PhysIPC%": 1.38,
    "MEM": 7.0725
  },
  "model_type": "LINEAR"
}