{
  "cluster_info": {
    "bodytrack1": {
      "env": {
        "WRITE": 0.12090166666671429,
        "PhysIPC": 4.6216428571428585,
        "TIME(ticks)": 2121.238095237857,
        "L2HIT": 0.7268357142857144,
        "ACYC": 2463.9523809521424,
        "EXEC": 0.33487023809521427,
        "L3HIT": 0.9818369047619286,
        "READ": 0.42311190476192856,
        "INSTnom%": 16.745238095235713,
        "INSTnom": 0.6697702380952142,
        "FREQ": 0.1451785714285714,
        "L3MPI": 2.8308690476185716e-05,
        "INST": 5682.690476190714,
        "L3MISS": 0.16124714285721428,
        "AFREQ": 1.0249976190474286,
        "PhysIPC%": 115.5595238095,
        "L2MISS": 9.102369047619286,
        "IPC": 2.3112261904757148,
        "L2MPI": 0.0016016428571428573
      },
      "cluster": [
        "layer-2-particle-2266",
        "layer-2-particle-1833",
        "layer-1-particle-2700",
        "layer-2-particle-1399",
        "layer-3-particle-1399",
        "layer-5-particle-966",
        "layer-3-particle-966",
        "layer-4-particle-966",
        "layer-5-particle-533",
        "layer-3-particle-1833",
        "layer-1-particle-4000",
        "layer-2-particle-2700",
        "layer-1-particle-3133",
        "layer-4-particle-1399"
      ]
    },
    "bodytrack2": {
      "env": {
        "WRITE": 0.07613768101182353,
        "PhysIPC": 4.411329449961764,
        "TIME(ticks)": 2114.9584924888236,
        "L2HIT": 0.7326787263391177,
        "ACYC": 2421.2269544182354,
        "EXEC": 0.314976358119,
        "L3HIT": 0.9889647971310003,
        "READ": 0.3761634432560588,
        "INSTnom%": 15.753610219841178,
        "INSTnom": 0.6300368474662941,
        "FREQ": 0.14308685340817648,
        "L3MPI": 2.1904206773611765e-05,
        "INST": 5330.72610559353,
        "L3MISS": 0.1159782312622647,
        "AFREQ": 1.043292282065118,
        "PhysIPC%": 110.27611747729412,
        "L2MISS": 10.614560669731766,
        "IPC": 2.2056204269582356,
        "L2MPI": 0.0019980217511252943
      },
      "cluster": [
        "layer-4-particle-2266",
        "layer-2-particle-3133",
        "layer-4-particle-4000",
        "layer-3-particle-2266",
        "layer-3-particle-2700",
        "layer-5-particle-2266",
        "layer-5-particle-1399",
        "layer-5-particle-3133",
        "layer-4-particle-1833",
        "layer-4-particle-3133",
        "layer-5-particle-1833",
        "layer-3-particle-3133",
        "layer-3-particle-4000",
        "layer-2-particle-4000",
        "layer-5-particle-2700",
        "layer-5-particle-4000",
        "layer-4-particle-2700"
      ]
    },
    "bodytrack3": {
      "env": {
        "WRITE": 0.21749999999999997,
        "PhysIPC": 5.3375,
        "TIME(ticks)": 2100.0,
        "L2HIT": 0.713,
        "ACYC": 2332.5,
        "EXEC": 0.37024999999999997,
        "L3HIT": 0.90025,
        "READ": 0.5385,
        "INSTnom%": 18.5,
        "INSTnom": 0.7402500000000001,
        "FREQ": 0.1385,
        "L3MPI": 4.4925e-05,
        "INST": 6225.0,
        "L3MISS": 0.27975000000000005,
        "AFREQ": 0.92425,
        "PhysIPC%": 133.5,
        "L2MISS": 2.98,
        "IPC": 2.6675,
        "L2MPI": 0.00048175
      },
      "cluster": [
        "layer-5-particle-100",
        "layer-2-particle-100",
        "layer-3-particle-100",
        "layer-4-particle-100"
      ]
    },
    "bodytrack4": {
      "env": {
        "WRITE": 0.18731481481488887,
        "PhysIPC": 4.889814814814445,
        "TIME(ticks)": 2125.740740741111,
        "L2HIT": 0.7031481481482221,
        "ACYC": 2573.7037037044447,
        "EXEC": 0.3695185185185556,
        "L3HIT": 0.9538888888888888,
        "READ": 0.5051851851852223,
        "INSTnom%": 18.47962962963333,
        "INSTnom": 0.739,
        "FREQ": 0.15125925925922223,
        "L3MPI": 3.973518518518889e-05,
        "INST": 6289.444444444444,
        "L3MISS": 0.2532037037036667,
        "AFREQ": 1.0130925925922223,
        "PhysIPC%": 122.05555555555556,
        "L2MISS": 6.802407407407778,
        "IPC": 2.4455555555555555,
        "L2MPI": 0.0011012407407400002
      },
      "cluster": [
        "layer-2-particle-966",
        "layer-1-particle-966",
        "layer-2-particle-533",
        "layer-1-particle-1833",
        "layer-1-particle-100",
        "layer-4-particle-533",
        "layer-1-particle-2266",
        "layer-3-particle-533",
        "layer-1-particle-1399"
      ]
    },
    "bodytrack5": {
      "env": {
        "WRITE": 0.306,
        "PhysIPC": 4.44,
        "TIME(ticks)": 2100.0,
        "L2HIT": 0.643,
        "ACYC": 3390.0,
        "EXEC": 0.447,
        "L3HIT": 0.917,
        "READ": 0.792,
        "INSTnom%": 22.4,
        "INSTnom": 0.894,
        "FREQ": 0.201,
        "L3MPI": 7.45e-05,
        "INST": 7520.0,
        "L3MISS": 0.56,
        "AFREQ": 1.03,
        "PhysIPC%": 111.0,
        "L2MISS": 6.91,
        "IPC": 2.22,
        "L2MPI": 0.000919
      },
      "cluster": [
        "layer-1-particle-533"
      ]
    }
  },
  "overwrite": false,
  "num_of_cluster": 5,
  "model_type": "LINEAR",
  "TRAINED": true,
  "CLUSTERED": true,
  "model_params": {
    "bodytrack1": {
      "mse": 2.3106389437685775,
      "mae": 2.302560142965724,
      "r2": -78.1221331802263,
      "file": "outputs/bodytrack/bodytrack1.pkl",
      "poly": true,
      "diff": 2.0350037563269847,
      "feature": [
        "AFREQ",
        "EXEC",
        "FREQ",
        "INST",
        "INSTnom%",
        "IPC",
        "L2HIT",
        "L2MPI",
        "L3HIT",
        "PhysIPC%"
      ],
      "model_type": "Bayesian"
    },
    "bodytrack2": {
      "mse": 0.44143132751782205,
      "mae": 0.34748855532737283,
      "r2": -2.7664039832232645,
      "file": "outputs/bodytrack/bodytrack2.pkl",
      "poly": true,
      "diff": 0.2925696184834689,
      "feature": [
        "EXEC",
        "FREQ",
        "INST",
        "INSTnom%",
        "IPC",
        "L2HIT",
        "L2MPI",
        "L3HIT",
        "PhysIPC%",
        "MEM"
      ],
      "model_type": "Bayesian"
    },
    "bodytrack3": {
      "mse": 0.07360547293404805,
      "mae": 0.03841856372791652,
      "r2": 0.9451208456073308,
      "file": "outputs/bodytrack/bodytrack3.pkl",
      "poly": false,
      "diff": 0.02937707849867226,
      "feature": [
        "AFREQ",
        "EXEC",
        "FREQ",
        "INST",
        "INSTnom%",
        "IPC",
        "L2HIT",
        "L2MPI",
        "L3HIT",
        "PhysIPC%"
      ],
      "model_type": "linear"
    },
    "bodytrack4": {
      "mse": 0.058332016141478656,
      "mae": 0.03593005493231504,
      "r2": 0.9578648953923765,
      "file": "outputs/bodytrack/bodytrack4.pkl",
      "poly": false,
      "diff": 0.02881701892263398,
      "feature": [
        "AFREQ",
        "EXEC",
        "FREQ",
        "INST",
        "INSTnom%",
        "IPC",
        "L2MPI",
        "L3HIT",
        "PhysIPC%",
        "MEM"
      ],
      "model_type": "Bayesian"
    },
    "bodytrack5": {
      "mse": 0.06633448176811527,
      "mae": 0.051718868199356116,
      "r2": 0.9484623543725978,
      "file": "outputs/bodytrack/bodytrack5.pkl",
      "poly": false,
      "diff": 0.039813549902329756,
      "feature": [
        "AFREQ",
        "EXEC",
        "FREQ",
        "INST",
        "INSTnom%",
        "IPC",
        "L2HIT",
        "L3HIT",
        "PhysIPC%",
        "MEM"
      ],
      "model_type": "linear"
    }
  },
  "name": "bodytrack",
  "machine_id": 0
}