,EXEC,L2MISS,FREQ,PhysIPC%,INSTnom%,IPC,INST,MEM,L3HIT,L3MPI,L3MISS,L2MPI,GT,Pred
449,0.46199999999999997,0.011086725663712889,0.28863592513976905,0.9275362318840581,0.4626666666666667,0.9239130434782609,0.2537827715355805,0.032223400494874516,0.965,0.014172661870503598,0.020420420420420422,0.010429029671215088,0.9353380415129999,1.0180029714140084
454,0.35600000000000004,0.01197876106194266,0.2812077947133779,0.7318840579710145,0.35600000000000004,0.7318840579710145,0.3197877052322743,0.05174973488865323,0.955,0.02618705035971223,0.028657228657228657,0.014795509222139052,0.9629616250319999,1.0092061484228054
456,0.38800000000000007,0.01143716814158887,0.28651360216080013,0.7826086956521741,0.38800000000000007,0.7826086956521741,0.2985883305929655,0.03100742311770944,0.968,0.016115107913669064,0.01904761904761905,0.013063352044913016,0.9762825244040001,1.012056259693279
457,0.455,0.8315044247784666,0.6934690333780846,0.37826086956521743,0.4546666666666667,0.3786231884057971,0.6176373405472625,0.019137504418522445,1.0,0.010115107913669064,0.01408837408837409,0.8065356856458726,1.3161557286799999,1.0816332825099977
461,0.47333333333333333,0.011819469026544486,0.2833301176923468,0.9637681159420292,0.47333333333333333,0.9637681159420292,0.2423473345379045,0.03082361258395193,0.972,0.011683453237410072,0.017160017160017162,0.010898155573380473,0.954367791719,1.0184354432705347
