{
  "2": {
    "swaptions": 1.0,
    "ferret": 1.0,
    "bodytrack": 0.31545318329347766,
    "svm": 0.5033282904689864,
    "nn": 0.4684684684684684,
    "facedetect": 0.5580654053508579
  },
  "3": {
    "swaptions": 1.0,
    "ferret": 1.0,
    "bodytrack": 0.3154531832934776,
    "svm": 0.4137670196671709,
    "nn": 0.42072072072072064,
    "facedetect": 0.5580654053508579
  },
  "4": {
    "swaptions": 1.0,
    "ferret": 1.0,
    "bodytrack": 0.3154531832934776,
    "svm": 0.3895612708018155,
    "nn": 0.517117117117117,
    "facedetect": 0.5580654053508579
  },
  "5": {
    "swaptions": 1.0,
    "ferret": 1.0,
    "bodytrack": 0.31545318329347766,
    "svm": 0.4874432677760968,
    "nn": 0.5477477477477477,
    "facedetect": 0.5580654053508579
  },
  "6": {
    "swaptions": 1.0,
    "ferret": 1.0,
    "bodytrack": 0.31545318329347766,
    "svm": 0.4901664145234493,
    "nn": 0.4504504504504503,
    "facedetect": 0.5580654053508579
  }
}