{
  "2": {
    "swaptions": 0.8127245746852294,
    "ferret": 0.9845263692501934,
    "bodytrack": 0.31545318329347766,
    "svm": 0.5425113464447806,
    "nn": 0.0,
    "facedetect": 0.5580654053508579
  },
  "3": {
    "swaptions": 0.8127245746852294,
    "ferret": 0.9845263692501935,
    "bodytrack": 0.3154531832934776,
    "svm": 0.5590771558245085,
    "nn": 0.0,
    "facedetect": 0.5580654053508579
  },
  "4": {
    "swaptions": 0.8127245746852294,
    "ferret": 0.9845263692501935,
    "bodytrack": 0.3154531832934776,
    "svm": 0.5166414523449319,
    "nn": 0.0,
    "facedetect": 0.5580654053508579
  },
  "5": {
    "swaptions": 0.8127245746852294,
    "ferret": 0.9845263692501934,
    "bodytrack": 0.31545318329347766,
    "svm": 0.6373676248108925,
    "nn": 0.0,
    "facedetect": 0.5580654053508579
  },
  "6": {
    "swaptions": 0.8127245746852294,
    "ferret": 0.9845263692501934,
    "bodytrack": 0.31545318329347766,
    "svm": 0.384266263237519,
    "nn": 0.0,
    "facedetect": 0.5580654053508579
  }
}