{
  "2": {
    "swaptions": 0.9250898298740917,
    "ferret": 1.0,
    "bodytrack": 0.31545318329347766,
    "svm": 0.38956127080181546,
    "nn": 0.27387387387387385,
    "facedetect": 0.5580654053508579
  },
  "3": {
    "swaptions": 0.8689072022796605,
    "ferret": 1.0,
    "bodytrack": 0.3154531832934776,
    "svm": 0.43630862329803344,
    "nn": 0.5666666666666667,
    "facedetect": 0.5580654053508579
  },
  "4": {
    "swaptions": 0.8314521172167065,
    "ferret": 1.0,
    "bodytrack": 0.3154531832934776,
    "svm": 0.40272314674735255,
    "nn": 0.4378378378378379,
    "facedetect": 0.5580654053508579
  },
  "5": {
    "swaptions": 0.8127245746852294,
    "ferret": 1.0,
    "bodytrack": 0.31545318329347766,
    "svm": 0.5579425113464447,
    "nn": 0.4378378378378378,
    "facedetect": 0.5580654053508579
  },
  "6": {
    "swaptions": 0.8127245746852294,
    "ferret": 1.0,
    "bodytrack": 0.31545318329347766,
    "svm": 0.36686838124054466,
    "nn": 0.29729729729729726,
    "facedetect": 0.5580654053508579
  }
}