{
  "2": {
    "swaptions": 1.0,
    "ferret": 1.0,
    "bodytrack": 0.31545318329347766,
    "svm": 0.46444780635400906,
    "nn": 0.44504504504504505,
    "facedetect": 0.5580654053508579
  },
  "3": {
    "swaptions": 1.0,
    "ferret": 1.0,
    "bodytrack": 0.3154531832934776,
    "svm": 0.3917549167927382,
    "nn": 0.48198198198198183,
    "facedetect": 0.5580654053508579
  },
  "4": {
    "swaptions": 1.0,
    "ferret": 1.0,
    "bodytrack": 0.3154531832934776,
    "svm": 0.4260968229954615,
    "nn": 0.4531531531531531,
    "facedetect": 0.5580654053508579
  },
  "5": {
    "swaptions": 1.0,
    "ferret": 1.0,
    "bodytrack": 0.31545318329347766,
    "svm": 0.33540090771558256,
    "nn": 0.48108108108108105,
    "facedetect": 0.5580654053508579
  },
  "6": {
    "swaptions": 1.0,
    "ferret": 1.0,
    "bodytrack": 0.31545318329347766,
    "svm": 0.3819969742813918,
    "nn": 0.15315315315315314,
    "facedetect": 0.5580654053508579
  }
}