{
  "2": {
    "swaptions": 1.0,
    "ferret": 1.0,
    "bodytrack": 0.31545318329347766,
    "svm": 0.5603630862329803,
    "nn": 0.4378378378378377,
    "facedetect": 0.5580654053508579
  },
  "3": {
    "swaptions": 1.0,
    "ferret": 1.0,
    "bodytrack": 0.3154531832934776,
    "svm": 0.49228441754916796,
    "nn": 0.4576576576576576,
    "facedetect": 0.5580654053508579
  },
  "4": {
    "swaptions": 1.0,
    "ferret": 1.0,
    "bodytrack": 0.3154531832934776,
    "svm": 0.48131618759455363,
    "nn": 0.3126126126126126,
    "facedetect": 0.5580654053508579
  },
  "5": {
    "swaptions": 1.0,
    "ferret": 1.0,
    "bodytrack": 0.31545318329347766,
    "svm": 0.49576399394856285,
    "nn": 0.4486486486486486,
    "facedetect": 0.5580654053508579
  },
  "6": {
    "swaptions": 1.0,
    "ferret": 1.0,
    "bodytrack": 0.31545318329347766,
    "svm": 0.42360060514372166,
    "nn": 0.32432432432432434,
    "facedetect": 0.5580654053508579
  }
}