{
  "2": {
    "swaptions": 0.7983487509371665,
    "ferret": 0.7876210954001548,
    "bodytrack": 0.31545318329347766,
    "svm": 0.3465960665658093,
    "nn": 0.0,
    "facedetect": 0.5580654053508579
  },
  "3": {
    "swaptions": 0.7983487509371665,
    "ferret": 0.5884944537001439,
    "bodytrack": 0.3154531832934776,
    "svm": 0.4228441754916793,
    "nn": 0.0,
    "facedetect": 0.5565605769553537
  },
  "4": {
    "swaptions": 0.7185138758434498,
    "ferret": 0.3930700917500866,
    "bodytrack": 0.3154531832934776,
    "svm": 0.4579425113464449,
    "nn": 0.0,
    "facedetect": 0.557367784712023
  },
  "5": {
    "swaptions": 0.7983487509371665,
    "ferret": 0.19641163655004487,
    "bodytrack": 0.31545318329347766,
    "svm": 0.4511346444780635,
    "nn": 0.0,
    "facedetect": 0.5580654053508579
  },
  "6": {
    "swaptions": 0.7983487509371665,
    "ferret": 0.0,
    "bodytrack": 0.31545318329347766,
    "svm": 0.8290468986384265,
    "nn": 0.0,
    "facedetect": 0.5580654053508579
  }
}