{
  "2": {
    "swaptions": 0.8127245746852294,
    "ferret": 1.0,
    "bodytrack": 0.31545318329347766,
    "svm": 0.47049924357034795,
    "nn": 0.46126126126126116,
    "facedetect": 0.5580654053508579
  },
  "3": {
    "swaptions": 0.8012239156867791,
    "ferret": 0.9992405580000095,
    "bodytrack": 0.3154531832934776,
    "svm": 0.3661875945537065,
    "nn": 0.4216216216216216,
    "facedetect": 0.5580654053508579
  },
  "4": {
    "swaptions": 0.8091182587943926,
    "ferret": 1.0,
    "bodytrack": 0.3154531832934776,
    "svm": 0.45363086232980343,
    "nn": 0.5117117117117116,
    "facedetect": 0.5580654053508579
  },
  "5": {
    "swaptions": 0.8170126019020063,
    "ferret": 1.0,
    "bodytrack": 0.31545318329347766,
    "svm": 0.408623298033283,
    "nn": 0.4756756756756756,
    "facedetect": 0.5580654053508579
  },
  "6": {
    "swaptions": 0.7983487509371665,
    "ferret": 1.0,
    "bodytrack": 0.31545318329347766,
    "svm": 0.4689863842662634,
    "nn": 0.5855855855855856,
    "facedetect": 0.5580654053508579
  }
}