{
  "2": {
    "swaptions": 0.994774614445124,
    "ferret": 0.29044509545214015,
    "bodytrack": 0.4905462150616572,
    "svm": 0.7702233250620347,
    "nn": 0.0,
    "facedetect": 1.0
  },
  "3": {
    "swaptions": 0.9947746144451239,
    "ferret": 0.2904450954521401,
    "bodytrack": 0.4905462150616572,
    "svm": 0.5965260545905707,
    "nn": 0.0,
    "facedetect": 1.0
  },
  "4": {
    "swaptions": 0.9947746144451239,
    "ferret": 0.2904450954521401,
    "bodytrack": 0.4905462150616572,
    "svm": 0.38250620347394537,
    "nn": 0.0,
    "facedetect": 1.0
  },
  "5": {
    "swaptions": 0.7958196915560993,
    "ferret": 0.17426705727128408,
    "bodytrack": 0.09810924301233144,
    "svm": 0.0,
    "nn": 0.0,
    "facedetect": 1.0
  },
  "6": {
    "swaptions": 0.0,
    "ferret": 0.0,
    "bodytrack": 0.0,
    "svm": 0.0,
    "nn": 0.0,
    "facedetect": 1.0
  }
}