{
  "2": {
    "swaptions": 0.9931289470211272,
    "ferret": 0.0,
    "bodytrack": 0.17507351311375846,
    "svm": 0.0,
    "nn": 0.0,
    "facedetect": 1.0
  },
  "3": {
    "swaptions": 0.9931289470211271,
    "ferret": 0.0,
    "bodytrack": 0.17507351311375843,
    "svm": 0.0,
    "nn": 0.0,
    "facedetect": 1.0
  },
  "4": {
    "swaptions": 0.9811369642508974,
    "ferret": 0.0,
    "bodytrack": 0.06645386065653935,
    "svm": 0.0,
    "nn": 0.0,
    "facedetect": 1.0
  },
  "5": {
    "swaptions": 0.9741043785435359,
    "ferret": 0.0,
    "bodytrack": 0.06645386065653935,
    "svm": 0.0,
    "nn": 0.0,
    "facedetect": 0.973660230650036
  },
  "6": {
    "swaptions": 0.9741043785435359,
    "ferret": 0.0,
    "bodytrack": 0.06645386065653935,
    "svm": 0.0,
    "nn": 0.0,
    "facedetect": 0.973660230650036
  }
}