{
  "2": {
    "swaptions": 0.994774614445124,
    "ferret": 0.038769744541598955,
    "bodytrack": 0.4905462150616572,
    "svm": 0.9846153846153847,
    "nn": 0.0,
    "facedetect": 1.0
  },
  "3": {
    "swaptions": 0.9931289470211271,
    "ferret": 0.0,
    "bodytrack": 0.17507351311375843,
    "svm": 0.0,
    "nn": 0.0,
    "facedetect": 1.0
  },
  "4": {
    "swaptions": 0.9931289470211271,
    "ferret": 0.0,
    "bodytrack": 0.17507351311375843,
    "svm": 0.0,
    "nn": 0.0,
    "facedetect": 1.0
  },
  "5": {
    "swaptions": 0.9811369642508975,
    "ferret": 0.0,
    "bodytrack": 0.15106374322346103,
    "svm": 0.0,
    "nn": 0.0,
    "facedetect": 1.0
  },
  "6": {
    "swaptions": 0.9811369642508975,
    "ferret": 0.0,
    "bodytrack": 0.06645386065653935,
    "svm": 0.0,
    "nn": 0.0,
    "facedetect": 1.0
  }
}