{
  "2": {
    "swaptions": 0.994774614445124,
    "ferret": 0.23235607636171213,
    "bodytrack": 0.4057277441806336,
    "svm": 0.7133995037220844,
    "nn": 0.0,
    "facedetect": 1.0
  },
  "3": {
    "swaptions": 0.9947746144451239,
    "ferret": 0.17426705727128405,
    "bodytrack": 0.32090927329961005,
    "svm": 0.9167493796526053,
    "nn": 0.0,
    "facedetect": 1.0
  },
  "4": {
    "swaptions": 0.9947746144451239,
    "ferret": 0.007753948908319791,
    "bodytrack": 0.19368156697807476,
    "svm": 0.2704714640198511,
    "nn": 0.0,
    "facedetect": 1.0
  },
  "5": {
    "swaptions": 0.7948322911017012,
    "ferret": 0.0,
    "bodytrack": 0.06645386065653935,
    "svm": 0.0,
    "nn": 0.0,
    "facedetect": 1.0
  },
  "6": {
    "swaptions": 0.9931289470211272,
    "ferret": 0.0,
    "bodytrack": 0.06645386065653935,
    "svm": 0.0,
    "nn": 0.0,
    "facedetect": 1.0
  }
}