{
  "2": {
    "swaptions": 0.9971927947857641,
    "ferret": 1.0,
    "bodytrack": 0.4905462150616572,
    "svm": 0.7533498759305209,
    "nn": 0.0,
    "facedetect": 1.0
  },
  "3": {
    "swaptions": 0.9948491185427673,
    "ferret": 0.8985091426824996,
    "bodytrack": 0.5962184860246629,
    "svm": 0.9669975186104217,
    "nn": 0.0,
    "facedetect": 1.0
  },
  "4": {
    "swaptions": 0.7958569436049208,
    "ferret": 0.7,
    "bodytrack": 0.14905462150616572,
    "svm": 0.7088089330024814,
    "nn": 0.0,
    "facedetect": 1.0
  },
  "5": {
    "swaptions": 0.7958196915560993,
    "ferret": 0.4,
    "bodytrack": 0.0,
    "svm": 0.13598014888337473,
    "nn": 0.0,
    "facedetect": 1.0
  },
  "6": {
    "swaptions": 0.9947746144451242,
    "ferret": 0.0,
    "bodytrack": 0.4905462150616572,
    "svm": 0.0,
    "nn": 0.0,
    "facedetect": 0.973660230650036
  }
}