{
  "2": {
    "swaptions": 0.994774614445124,
    "ferret": 0.23235607636171213,
    "bodytrack": 0.4057277441806336,
    "svm": 0.8746898263027294,
    "nn": 0.0,
    "facedetect": 1.0
  },
  "3": {
    "swaptions": 0.9947746144451239,
    "ferret": 0.09876445199812174,
    "bodytrack": 0.2578147329100303,
    "svm": 0.6991315136476427,
    "nn": 0.0,
    "facedetect": 1.0
  },
  "4": {
    "swaptions": 0.9947746144451239,
    "ferret": 0.04067543290769371,
    "bodytrack": 0.20454353222379665,
    "svm": 0.23895781637717123,
    "nn": 0.0,
    "facedetect": 1.0
  },
  "5": {
    "swaptions": 0.5968647686670745,
    "ferret": 0.007753948908319791,
    "bodytrack": 0.05316308852523148,
    "svm": 0.16029776674937962,
    "nn": 0.0,
    "facedetect": 0.9947320461300073
  },
  "6": {
    "swaptions": 0.0,
    "ferret": 0.0,
    "bodytrack": 0.06645386065653935,
    "svm": 0.0,
    "nn": 0.0,
    "facedetect": 1.0
  }
}