{
  "2": {
    "swaptions": 96.605501690035,
    "ferret": 99.8721568627451,
    "bodytrack": 80.28711049835616,
    "svm": 29.094,
    "nn": 13.5,
    "facedetect": 77.10843123820575
  },
  "3": {
    "swaptions": 95.71484603229919,
    "ferret": 99.9372549019608,
    "bodytrack": 89.38877289326669,
    "svm": 27.212,
    "nn": 13.36,
    "facedetect": 77.10843123820575
  },
  "4": {
    "swaptions": 95.69424547686822,
    "ferret": 100.0,
    "bodytrack": 98.02871104983561,
    "svm": 27.894,
    "nn": 12.440000000000001,
    "facedetect": 77.10843123820575
  },
  "5": {
    "swaptions": 96.56430057917305,
    "ferret": 99.8721568627451,
    "bodytrack": 95.30263974375984,
    "svm": 28.162,
    "nn": 12.42,
    "facedetect": 77.53580250252897
  },
  "6": {
    "swaptions": 96.20027589800202,
    "ferret": 100.0,
    "bodytrack": 100.0,
    "svm": 26.32,
    "nn": 15.299999999999999,
    "facedetect": 77.10843123820575
  }
}