{
  "2": {
    "swaptions": 0.012344869751796786,
    "ferret": 0.0,
    "bodytrack": 0.007856554614864456,
    "svm": 0.0,
    "nn": 0.0,
    "facedetect": 0.0
  },
  "3": {
    "swaptions": 0.08219383217399699,
    "ferret": 0.011557710798453708,
    "bodytrack": 0.04799326467938666,
    "svm": 0.0048944268411309335,
    "nn": 0.0,
    "facedetect": 0.0
  },
  "4": {
    "swaptions": 0.18651634851207635,
    "ferret": 0.0507872196385473,
    "bodytrack": 0.12071764725707487,
    "svm": 0.029063461906465905,
    "nn": 0.0,
    "facedetect": 0.0
  },
  "5": {
    "swaptions": 0.45378963456778526,
    "ferret": 0.2650940670316517,
    "bodytrack": 0.5968490662640197,
    "svm": 0.17683809880071583,
    "nn": 0.02910572716845522,
    "facedetect": 0.0
  },
  "6": {
    "swaptions": 0.6147891459685784,
    "ferret": 0.8804905957496914,
    "bodytrack": 0.017652720838617963,
    "svm": 0.20679366309825245,
    "nn": 0.0,
    "facedetect": 0.0
  }
}