{
  "2": {
    "swaptions": 0.07777370466873061,
    "ferret": 0.021986102117305506,
    "bodytrack": 0.06894019127964254,
    "svm": 0.0,
    "nn": 0.0,
    "facedetect": 0.0
  },
  "3": {
    "swaptions": 0.1453126665432128,
    "ferret": 0.050731932261925836,
    "bodytrack": 0.1337007312867932,
    "svm": 0.004201364688599563,
    "nn": 0.0,
    "facedetect": 0.0
  },
  "4": {
    "swaptions": 0.270558227854154,
    "ferret": 0.08184668177626042,
    "bodytrack": 0.2486150339092282,
    "svm": 0.03444926128900387,
    "nn": 0.0,
    "facedetect": 0.0
  },
  "5": {
    "swaptions": 0.6359863965982369,
    "ferret": 0.40906359765310735,
    "bodytrack": 0.4811546895494644,
    "svm": 0.12225670449764507,
    "nn": 0.02505641543488965,
    "facedetect": 0.0
  },
  "6": {
    "swaptions": 0.9617655580159394,
    "ferret": 0.6406223631796866,
    "bodytrack": 0.8487651172636121,
    "svm": 0.29444884785812103,
    "nn": 0.05008273477491488,
    "facedetect": 0.0
  }
}