{
  "2": {
    "swaptions": 0.0,
    "ferret": 0.0003723435568376274,
    "bodytrack": 0.0,
    "svm": 0.0,
    "nn": 0.0,
    "facedetect": 0.0
  },
  "3": {
    "swaptions": 0.0,
    "ferret": 0.01901927454327824,
    "bodytrack": 0.1328929027996441,
    "svm": 0.0021639705790043534,
    "nn": 0.0,
    "facedetect": 0.0
  },
  "4": {
    "swaptions": 0.0,
    "ferret": 0.047700410608112205,
    "bodytrack": 0.26743796933546343,
    "svm": 0.07046373075410309,
    "nn": 0.0,
    "facedetect": 0.0
  },
  "5": {
    "swaptions": 0.011201482403038672,
    "ferret": 0.16619186731029617,
    "bodytrack": 0.568541853777433,
    "svm": 0.2216674367295047,
    "nn": 0.013741077618699624,
    "facedetect": 0.0
  },
  "6": {
    "swaptions": 0.0,
    "ferret": 0.6811666028924082,
    "bodytrack": 0.6002076175755258,
    "svm": 0.16387002040940601,
    "nn": 0.0,
    "facedetect": 0.0
  }
}