{
  "2": {
    "swaptions": 0.0,
    "ferret": 0.0,
    "bodytrack": 0.0,
    "svm": 0.04004440589177378,
    "nn": 0.0,
    "facedetect": 0.0
  },
  "3": {
    "swaptions": 0.0,
    "ferret": 0.0021757446871136753,
    "bodytrack": 0.0,
    "svm": 0.07061767777552483,
    "nn": 0.00987454652999951,
    "facedetect": 0.0
  },
  "4": {
    "swaptions": 0.015365024143060438,
    "ferret": 0.04816520231157159,
    "bodytrack": 0.0010470076692240032,
    "svm": 0.15625047978765963,
    "nn": 0.06206184327886708,
    "facedetect": 0.0
  },
  "5": {
    "swaptions": 0.1463626418959041,
    "ferret": 0.02184145719275527,
    "bodytrack": 0.08482474481133692,
    "svm": 0.33899071066711467,
    "nn": 0.1157370941105611,
    "facedetect": 0.0
  },
  "6": {
    "swaptions": 0.2234621948537115,
    "ferret": 0.0,
    "bodytrack": 0.0,
    "svm": 0.0,
    "nn": 0.1992231032993169,
    "facedetect": 0.0
  }
}