{
  "2": {
    "swaptions": 0.0,
    "ferret": 0.03570736077588747,
    "bodytrack": 0.0,
    "svm": 0.05777430673736028,
    "nn": 0.007069337703213408,
    "facedetect": 0.0
  },
  "3": {
    "swaptions": 0.003076400897388101,
    "ferret": 0.06518388449010028,
    "bodytrack": 0.0,
    "svm": 0.13393833825333373,
    "nn": 0.03229831122666783,
    "facedetect": 0.0
  },
  "4": {
    "swaptions": 0.013506090808596872,
    "ferret": 0.08493150705931987,
    "bodytrack": 0.007794906236833149,
    "svm": 0.2434059208704769,
    "nn": 0.10299392522266974,
    "facedetect": 0.0
  },
  "5": {
    "swaptions": 0.19181255634757308,
    "ferret": 0.31225781112026835,
    "bodytrack": 0.1467366466717961,
    "svm": 0.4219284867020324,
    "nn": 0.2321199676520847,
    "facedetect": 0.0
  },
  "6": {
    "swaptions": 0.37805801050575233,
    "ferret": 0.12107236416082887,
    "bodytrack": 0.4320419141184007,
    "svm": 0.5696073871953347,
    "nn": 0.2977342997939622,
    "facedetect": 0.0
  }
}