{
  "2": {
    "swaptions": 0.841320462988967,
    "ferret": 1.0,
    "bodytrack": 0.8052045732258865,
    "svm": 0.5970701619121048,
    "nn": 0.5423728813559322,
    "facedetect": 1.0
  },
  "3": {
    "swaptions": 0.7996520950552091,
    "ferret": 1.0,
    "bodytrack": 0.2805204573225887,
    "svm": 0.5973785659213571,
    "nn": 0.5516949152542371,
    "facedetect": 1.0
  },
  "4": {
    "swaptions": 0.7982135488174101,
    "ferret": 1.0,
    "bodytrack": 0.1,
    "svm": 0.5092521202775635,
    "nn": 0.4720338983050848,
    "facedetect": 1.0
  },
  "5": {
    "swaptions": 0.7982135488174102,
    "ferret": 0.6,
    "bodytrack": 0.0,
    "svm": 0.0,
    "nn": 0.6779661016949151,
    "facedetect": 1.0
  },
  "6": {
    "swaptions": 0.7982135488174102,
    "ferret": 0.0,
    "bodytrack": 0.0,
    "svm": 0.0,
    "nn": 0.4915254237288136,
    "facedetect": 1.0
  }
}