{
  "num_of_cluster": 1,
  "cluster_info": {
    "facedetect1": {
      "env": {
        "INSTnom": 0.8377880339509219,
        "READ": 0.6278267197924555,
        "IPC": 0.8804880256731447,
        "TIME(ticks)": 2102.986413089334,
        "FREQ": 0.47620183330627774,
        "L3HIT": 0.9265937518050333,
        "L3MPI": 4.859776068728998e-05,
        "WRITE": 0.2156269420246333,
        "ACYC": 8015.681354646001,
        "L2MISS": 5.423638735945666,
        "AFREQ": 0.7576276699087998,
        "L3MISS": 0.29455386099824443,
        "INSTnom%": 20.945678854917773,
        "INST": 7050.6751183471115,
        "L2HIT": 0.9694860626986443,
        "PhysIPC": 1.761090994577556,
        "L2MPI": 0.0007758300923842889,
        "EXEC": 0.41891267956387784,
        "PhysIPC%": 44.02418323343999
      },
      "cluster": [
        "eyes-2-pyramid-9-selectivity-2",
        "eyes-2-pyramid-9-selectivity-1",
        "eyes-2-pyramid-9-selectivity-0",
        "eyes-1-pyramid-20-selectivity-2",
        "eyes-1-pyramid-20-selectivity-0",
        "eyes-1-pyramid-20-selectivity-1",
        "eyes-2-pyramid-18-selectivity-2",
        "eyes-2-pyramid-18-selectivity-0",
        "eyes-2-pyramid-18-selectivity-1",
        "eyes-0-pyramid-11-selectivity-1",
        "eyes-2-pyramid-11-selectivity-2",
        "eyes-0-pyramid-22-selectivity-1",
        "eyes-0-pyramid-11-selectivity-2",
        "eyes-1-pyramid-18-selectivity-2",
        "eyes-1-pyramid-18-selectivity-1",
        "eyes-1-pyramid-18-selectivity-0",
        "eyes-0-pyramid-22-selectivity-2",
        "eyes-1-pyramid-9-selectivity-0",
        "eyes-1-pyramid-9-selectivity-1",
        "eyes-1-pyramid-9-selectivity-2",
        "eyes-0-pyramid-9-selectivity-1",
        "eyes-0-pyramid-9-selectivity-0",
        "eyes-0-pyramid-9-selectivity-2",
        "eyes-1-pyramid-22-selectivity-0",
        "eyes-1-pyramid-22-selectivity-1",
        "eyes-1-pyramid-22-selectivity-2",
        "eyes-0-pyramid-16-selectivity-2",
        "eyes-1-pyramid-13-selectivity-1",
        "eyes-0-pyramid-18-selectivity-0",
        "eyes-0-pyramid-16-selectivity-0",
        "eyes-0-pyramid-18-selectivity-1",
        "eyes-1-pyramid-16-selectivity-2",
        "eyes-0-pyramid-18-selectivity-2",
        "eyes-0-pyramid-11-selectivity-0",
        "eyes-2-pyramid-11-selectivity-1",
        "eyes-0-pyramid-25-selectivity-0",
        "eyes-0-pyramid-22-selectivity-0",
        "eyes-1-pyramid-25-selectivity-2",
        "eyes-1-pyramid-25-selectivity-1",
        "eyes-1-pyramid-25-selectivity-0",
        "eyes-0-pyramid-25-selectivity-2",
        "eyes-1-pyramid-7-selectivity-2",
        "eyes-1-pyramid-7-selectivity-0",
        "eyes-1-pyramid-7-selectivity-1",
        "eyes-1-pyramid-5-selectivity-0",
        "eyes-1-pyramid-5-selectivity-1",
        "eyes-1-pyramid-5-selectivity-2",
        "eyes-1-pyramid-11-selectivity-2",
        "eyes-2-pyramid-11-selectivity-0",
        "eyes-1-pyramid-11-selectivity-0",
        "eyes-1-pyramid-11-selectivity-1",
        "eyes-0-pyramid-5-selectivity-1",
        "eyes-0-pyramid-5-selectivity-0",
        "eyes-0-pyramid-5-selectivity-2",
        "eyes-2-pyramid-22-selectivity-1",
        "eyes-2-pyramid-22-selectivity-0",
        "eyes-2-pyramid-22-selectivity-2",
        "eyes-0-pyramid-7-selectivity-2",
        "eyes-0-pyramid-7-selectivity-1",
        "eyes-0-pyramid-7-selectivity-0",
        "eyes-2-pyramid-5-selectivity-2",
        "eyes-2-pyramid-5-selectivity-1",
        "eyes-2-pyramid-5-selectivity-0",
        "eyes-0-pyramid-20-selectivity-1",
        "eyes-2-pyramid-13-selectivity-0",
        "eyes-2-pyramid-13-selectivity-2",
        "eyes-0-pyramid-13-selectivity-2",
        "eyes-0-pyramid-13-selectivity-1",
        "eyes-0-pyramid-13-selectivity-0",
        "eyes-2-pyramid-13-selectivity-1",
        "eyes-0-pyramid-20-selectivity-0",
        "eyes-0-pyramid-20-selectivity-2",
        "eyes-1-pyramid-13-selectivity-0",
        "eyes-2-pyramid-16-selectivity-0",
        "eyes-2-pyramid-16-selectivity-1",
        "eyes-2-pyramid-16-selectivity-2",
        "eyes-0-pyramid-25-selectivity-1",
        "eyes-2-pyramid-20-selectivity-2",
        "eyes-2-pyramid-20-selectivity-1",
        "eyes-2-pyramid-20-selectivity-0",
        "eyes-2-pyramid-7-selectivity-1",
        "eyes-2-pyramid-7-selectivity-0",
        "eyes-2-pyramid-7-selectivity-2",
        "eyes-1-pyramid-16-selectivity-1",
        "eyes-1-pyramid-16-selectivity-0",
        "eyes-1-pyramid-13-selectivity-2",
        "eyes-0-pyramid-16-selectivity-1",
        "eyes-2-pyramid-25-selectivity-2",
        "eyes-2-pyramid-25-selectivity-0",
        "eyes-2-pyramid-25-selectivity-1"
      ]
    }
  },
  "TRAINED": true,
  "overwrite": false,
  "name": "facedetect",
  "CLUSTERED": true,
  "machine_id": 0,
  "model_type": "LINEAR",
  "model_params": {
    "facedetect1": {
      "mae": 0.030554508964352498,
      "mse": 0.05891075760117372,
      "diff": 0.01880249797448605,
      "poly": true,
      "file": "outputs/facedetect/facedetect1.pkl",
      "feature": [
        "AFREQ",
        "EXEC",
        "FREQ",
        "INST",
        "INSTnom%",
        "IPC",
        "L2HIT",
        "L2MPI",
        "PhysIPC%",
        "MEM"
      ],
      "model_type": "Bayesian",
      "r2": 0.9853371166961594
    }
  }
}