,AFREQ,EXEC,FREQ,INST,INSTnom%,IPC,L2HIT,L2MPI,L3HIT,PhysIPC%,MEM,GT,Pred
82,1.05,0.52375,0.263,0.502542372881356,0.262,1.9925,0.9495,6.945e-05,0.957,0.9954999999999999,0.030595,1.0156743271,1.0149424072235997
248,1.0375,1.0675,0.65725,0.6151724137931035,0.53375,1.625,0.9075,0.00034075,0.9905,0.8115000000000001,0.355475,1.02169269198,1.138940975759659
93,1.05,0.5215,0.262,0.5019629837352776,0.261,1.99,0.953,6.1575e-05,0.9445,0.9947499999999999,0.041375,1.00912474934,1.0148973329592865
90,1.05,0.5205,0.2625,0.5045325779036827,0.26,1.9825,0.95225,6.3725e-05,0.94725,0.991,0.045525,1.02327187068,1.0149804242159686
246,1.0318333333299998,1.1933333333299998,0.903,0.7553542009880647,0.597,1.32166666667,0.8628333333329999,0.000528833333333,0.978833333333,0.661166666667,0.3416166666667,1.31272275408,1.326154897248548
244,1.038,1.094,0.7878,0.7190889370932755,0.5472,1.394,0.8370000000000001,0.0006552000000000001,0.9866,0.6956,0.35982,1.24481110627,1.2350487161436503
