,AFREQ,EXEC,FREQ,INST,INSTnom%,IPC,L2HIT,L2MPI,L3HIT,PhysIPC%,MEM,GT,Pred
162,1.05,0.524875,0.2625,0.49971735443753534,0.2625,2.0,0.96025,5.37875e-05,0.960625,1.000125,0.020075,1.02164078454,1.3281138966041501
288,1.0021,1.0145,0.5729,0.5644935972060535,0.5075999999999999,1.776,0.9217,0.0003436000000000001,0.9665,0.8870999999999999,0.33368000000000003,1.05815713977,0.5678076446239544
173,1.05,0.523375,0.2625,0.5019701660568534,0.26175,1.99125,0.96175,5.15e-05,0.9565,0.99625,0.025419999999999998,1.02107328304,1.3396220070359188
170,1.05,0.664125,0.26475,0.3984409799554566,0.332,2.5075,0.842625,0.000528375,0.991875,1.25625,0.09941249999999999,1.02906005888,0.7561129067947144
286,1.0141666666700002,1.18666666667,0.8346666666670001,0.7046025104573982,0.5925,1.42,0.748166666667,0.000647416666667,0.98925,0.710166666667,0.32954166666670004,1.24185892038,0.3975755256804485
284,1.0266,1.359,0.7290000000000001,0.536501079913607,0.6797,1.867,0.5369,0.001888,0.999,0.9338,0.33343,1.08585767356,-0.575344418605277
