{
  "name": "swaptions",
  "machine_id": 0,
  "model_params": {
    "swaptions1": {
      "file": "outputs/swaptions/swaptions1",
      "mse": 0.054194747015684476,
      "mae": 0.032180844659693474,
      "diff": 0.025136260651765593,
      "r2": 0.9633064864224705,
      "feature": [
        "EXEC",
        "FREQ"
      ],
      "poly": true,
      "model_type": "BR"
    },
    "swaptions2": {
      "file": "outputs/swaptions/swaptions2",
      "mse": 0.04305295892583633,
      "mae": 0.03654707490052304,
      "diff": 0.03426944862226036,
      "r2": 0.5074719285130993,
      "feature": [
        "EXEC"
      ],
      "poly": true,
      "model_type": "LR"
    }
  },
  "TRAINED": true,
  "CLUSTERED": true,
  "num_of_cluster": 2,
  "cluster_info": {
    "swaptions1": {
      "cluster": [
        "num-400000",
        "num-200000",
        "num-100000",
        "num-600000",
        "num-900000",
        "num-300000",
        "num-700000",
        "num-500000",
        "num-1000000"
      ],
      "env": {
        "ACYC": 2331.4542425922223,
        "AFREQ": 1.050736054692222,
        "EXEC": 0.3411011237733333,
        "FREQ": 0.13743031834766667,
        "INST": 5788.157526464444,
        "INSTnom": 0.6822899657591113,
        "INSTnom%": 17.058069276066664,
        "IPC": 2.4828496642755558,
        "L2MISS": 0.9041005303006666,
        "L2MPI": 0.00015624993831344445,
        "L3HIT": 0.9649471666857777,
        "L3MISS": 0.029723834208044444,
        "L3MPI": 5.155993460915556e-06,
        "PhysIPC": 4.96582059195889,
        "PhysIPC%": 124.11795024966666,
        "READ": 0.017177086868833333,
        "TIME(ticks)": 2120.283905826667,
        "WRITE": 0.0020289090524533335
      }
    },
    "swaptions2": {
      "cluster": [
        "num-800000"
      ],
      "env": {
        "ACYC": 2722.28571429,
        "AFREQ": 1.058,
        "EXEC": 0.3636,
        "FREQ": 0.1588,
        "INST": 6236.57142857,
        "INSTnom": 0.7272285714290001,
        "INSTnom%": 18.185714285699998,
        "IPC": 2.3068571428599998,
        "L2MISS": 2.26428571429,
        "L2MPI": 0.000354571428571,
        "L3HIT": 0.852885714286,
        "L3MISS": 0.404257142857,
        "L3MPI": 5.96628571429e-05,
        "PhysIPC": 4.61285714286,
        "PhysIPC%": 115.33428571399999,
        "READ": 0.22155428571400002,
        "TIME(ticks)": 2145.42857143,
        "WRITE": 0.0367685714286
      }
    }
  },
  "overwrite": false,
  "maxes": {
    "EXEC": 1.3882758620700002,
    "FREQ": 1.04142857143,
    "INST": 1.0069649392043443,
    "INSTnom%": 0.694714285714,
    "IPC": 2.21395744681,
    "L2MISS": 229.904761905,
    "L2MPI": 0.00989095238095,
    "L3HIT": 1.0,
    "L3MISS": 3.40533333333,
    "L3MPI": 0.0003803,
    "PhysIPC%": 1.10631914894,
    "MEM": 5.00666666666
  },
  "model_type": "LINEAR"
}