{
  "machine_id": 0,
  "model_params": {
    "swaptions1": {
      "model_type": "lassoCV",
      "mae": 0.018954567922203937,
      "mse": 0.032293610801165794,
      "poly": true,
      "file": "outputs/swaptions/swaptions1.pkl",
      "feature": [
        "AFREQ",
        "EXEC",
        "FREQ",
        "INSTnom%",
        "IPC",
        "L2HIT",
        "L2MPI",
        "L3HIT",
        "PhysIPC%",
        "MEM"
      ],
      "diff": 0.016653290931843024,
      "r2": 0.9576829235012844
    }
  },
  "TRAINED": true,
  "num_of_cluster": 1,
  "cluster_info": {
    "swaptions1": {
      "cluster": [
        "num-400000",
        "num-200000",
        "num-800000",
        "num-100000",
        "num-600000",
        "num-900000",
        "num-300000",
        "num-700000",
        "num-500000",
        "num-1000000"
      ],
      "env": {
        "READ": 0.3026168205084,
        "AFREQ": 1.0318829278816999,
        "L3MPI": 7.295220164767e-06,
        "ACYC": 2326.47635582,
        "IPC": 2.4865938362659996,
        "L2MPI": 5.471341869394001e-05,
        "TIME(ticks)": 2120.3426501040003,
        "INSTnom": 0.6803422892226,
        "WRITE": 0.022688404574289996,
        "FREQ": 0.1370745327237,
        "INST": 5772.73307741,
        "L3MISS": 0.042605944839849995,
        "EXEC": 0.3402286785427,
        "INSTnom%": 17.01349874914,
        "L3HIT": 0.8075183826489999,
        "L2HIT": 0.94454479598,
        "L2MISS": 0.3239215220986,
        "PhysIPC": 4.973476772776,
        "PhysIPC%": 124.34439771670002
      }
    }
  },
  "CLUSTERED": true,
  "model_type": "LINEAR",
  "name": "swaptions",
  "overwrite": false
}