,AFREQ,EXEC,FREQ,INST,INSTnom%,IPC,L2HIT,L2MPI,L3HIT,PhysIPC%,MEM,GT,Pred
142,1.05,0.664705882353,0.264882352941,0.39811122770094737,0.332529411765,2.50941176471,0.835764705882,0.0005567647058819999,0.992705882353,1.25588235294,0.0960588235294,1.02201066814,1.0294251636369576
278,1.01726315789,1.1468421052600002,0.645842105263,0.5633351149116952,0.573315789474,1.77526315789,0.981421052632,8.63894736842e-05,0.975736842105,0.8881578947370001,0.3344036842104,1.0393948810200002,1.1595251957242192
153,1.05,0.6729999999999999,0.266647058824,0.3962597402585572,0.336588235294,2.52411764706,0.75,0.0007702941176469999,0.991823529412,1.26352941176,0.1427941176473,1.01944077068,1.0410390622847427
150,1.05,0.664941176471,0.265588235294,0.39915922227935147,0.332352941176,2.50529411765,0.812882352941,0.000619941176471,0.993058823529,1.25235294118,0.11078235294120001,1.0209923097,1.034310658237052
276,1.00818181818,1.2031818181799998,0.818863636364,0.6806364858791399,0.6015,1.47,0.792090909091,0.0005775,0.977363636364,0.735272727273,0.3307181818179,1.20568711894,1.1746793805053553
274,1.0043214285700002,1.0910357142899998,0.939607142857,0.8615650836393003,0.54525,1.16142857143,0.181035714286,0.00731785714286,0.999785714286,0.5808928571430001,0.3267607142859,1.4835218489300002,1.5263489986246197
