{
  "name": "nn",
  "machine_id": 0,
  "model_params": {
    "nn1": {
      "file": "outputs/nn/nn1",
      "mse": 0.0470591383924199,
      "mae": 0.023838659660550796,
      "diff": 0.017799667001734385,
      "r2": 0.9542509833468943,
      "feature": [
        "EXEC",
        "FREQ"
      ],
      "poly": true,
      "model_type": "BR"
    },
    "nn2": {
      "file": "outputs/nn/nn2",
      "mse": 0.027206486584190146,
      "mae": 0.017153767441867328,
      "diff": 0.012798618162473727,
      "r2": 0.9919515479299107,
      "feature": [
        "EXEC",
        "MEM"
      ],
      "poly": true,
      "model_type": "BR"
    },
    "nn3": {
      "file": "outputs/nn/nn3",
      "mse": 0.01712918105141911,
      "mae": 0.014211752574258055,
      "diff": 0.011766188303048116,
      "r2": 0.9941934642677602,
      "feature": [
        "EXEC",
        "MEM"
      ],
      "poly": true,
      "model_type": "BR"
    },
    "nn4": {
      "file": "outputs/nn/nn4",
      "mse": 0.05291649622421855,
      "mae": 0.046073313361133135,
      "diff": 0.033356279679961416,
      "r2": 0.9686737753511454,
      "feature": [
        "EXEC",
        "MEM"
      ],
      "poly": false,
      "model_type": "LS"
    },
    "nn5": {
      "file": "outputs/nn/nn5",
      "mse": 0.020638051050086075,
      "mae": 0.016505456633685692,
      "diff": 0.012376267833105319,
      "r2": 0.9953375017138797,
      "feature": [
        "EXEC",
        "MEM"
      ],
      "poly": true,
      "model_type": "BR"
    }
  },
  "TRAINED": true,
  "CLUSTERED": true,
  "num_of_cluster": 5,
  "cluster_info": {
    "nn1": {
      "cluster": [
        "batch-1-learning-45-regular-3",
        "batch-1-learning-67-regular-1",
        "batch-1-learning-56-regular-2",
        "batch-1-learning-89-regular-2",
        "batch-1-learning-34-regular-2",
        "batch-1-learning-45-regular-5",
        "batch-1-learning-78-regular-3",
        "batch-1-learning-34-regular-5",
        "batch-1-learning-12-regular-5",
        "batch-1-learning-89-regular-4",
        "batch-1-learning-67-regular-2",
        "batch-1-learning-89-regular-5",
        "batch-1-learning-78-regular-1",
        "batch-1-learning-1-regular-5",
        "batch-1-learning-12-regular-3",
        "batch-1-learning-100-regular-2",
        "batch-1-learning-56-regular-5",
        "batch-1-learning-12-regular-2",
        "batch-1-learning-34-regular-3",
        "batch-1-learning-1-regular-4",
        "batch-1-learning-12-regular-4",
        "batch-1-learning-100-regular-1",
        "batch-1-learning-45-regular-2",
        "batch-1-learning-45-regular-1",
        "batch-3-learning-1-regular-1",
        "batch-1-learning-67-regular-4",
        "batch-1-learning-56-regular-3",
        "batch-1-learning-100-regular-5",
        "batch-1-learning-78-regular-5",
        "batch-1-learning-1-regular-2",
        "batch-2-learning-1-regular-2",
        "batch-1-learning-23-regular-3",
        "batch-1-learning-1-regular-1",
        "batch-1-learning-34-regular-1",
        "batch-1-learning-56-regular-1",
        "batch-1-learning-67-regular-5",
        "batch-1-learning-100-regular-4",
        "batch-1-learning-23-regular-2",
        "batch-1-learning-89-regular-3",
        "batch-1-learning-45-regular-4",
        "batch-1-learning-12-regular-1",
        "batch-1-learning-34-regular-4",
        "batch-2-learning-45-regular-5",
        "batch-1-learning-1-regular-3",
        "batch-1-learning-23-regular-4",
        "batch-1-learning-89-regular-1",
        "batch-2-learning-67-regular-1",
        "batch-1-learning-56-regular-4",
        "batch-1-learning-23-regular-1",
        "batch-1-learning-100-regular-3",
        "batch-1-learning-78-regular-2",
        "batch-1-learning-78-regular-4",
        "batch-1-learning-67-regular-3",
        "batch-1-learning-23-regular-5"
      ],
      "env": {
        "ACYC": 5414.619623471994,
        "AFREQ": 1.0606171205072068,
        "EXEC": 0.22522417214012044,
        "FREQ": 0.3220471030605729,
        "INST": 3786.848231390258,
        "INSTnom": 0.450456255131363,
        "INSTnom%": 11.26079630199781,
        "IPC": 0.7828786147600805,
        "L2MISS": 4.738080519636016,
        "L2MPI": 0.001430225634578544,
        "L3HIT": 0.6064623671547165,
        "L3MISS": 1.8815856937602622,
        "L3MPI": 0.0006654883603585111,
        "PhysIPC": 1.565668616584565,
        "PhysIPC%": 39.1415095899471,
        "READ": 2.0733054244207256,
        "TIME(ticks)": 2100.186582056194,
        "WRITE": 1.6847990615307422
      }
    },
    "nn2": {
      "cluster": [
        "batch-3-learning-100-regular-1",
        "batch-3-learning-78-regular-3",
        "batch-3-learning-23-regular-1",
        "batch-3-learning-67-regular-3",
        "batch-3-learning-23-regular-5",
        "batch-3-learning-45-regular-4",
        "batch-3-learning-89-regular-5",
        "batch-3-learning-23-regular-4",
        "batch-3-learning-56-regular-2",
        "batch-3-learning-56-regular-1",
        "batch-3-learning-45-regular-2",
        "batch-3-learning-23-regular-3",
        "batch-3-learning-67-regular-5",
        "batch-3-learning-67-regular-2",
        "batch-3-learning-67-regular-4",
        "batch-3-learning-12-regular-4",
        "batch-3-learning-100-regular-3",
        "batch-3-learning-34-regular-3",
        "batch-3-learning-34-regular-5",
        "batch-3-learning-78-regular-2",
        "batch-3-learning-56-regular-5",
        "batch-3-learning-12-regular-5",
        "batch-3-learning-1-regular-3",
        "batch-3-learning-12-regular-1",
        "batch-3-learning-45-regular-1",
        "batch-3-learning-78-regular-4",
        "batch-3-learning-23-regular-2",
        "batch-3-learning-12-regular-2",
        "batch-3-learning-78-regular-1",
        "batch-3-learning-45-regular-3",
        "batch-3-learning-1-regular-4",
        "batch-3-learning-89-regular-4",
        "batch-3-learning-89-regular-1",
        "batch-3-learning-67-regular-1",
        "batch-3-learning-56-regular-4",
        "batch-3-learning-34-regular-4",
        "batch-3-learning-100-regular-4",
        "batch-3-learning-34-regular-1",
        "batch-3-learning-12-regular-3",
        "batch-3-learning-78-regular-5",
        "batch-3-learning-89-regular-3",
        "batch-3-learning-45-regular-5",
        "batch-3-learning-34-regular-2",
        "batch-3-learning-1-regular-5",
        "batch-3-learning-100-regular-5",
        "batch-3-learning-1-regular-2",
        "batch-3-learning-56-regular-3",
        "batch-3-learning-100-regular-2",
        "batch-3-learning-89-regular-2"
      ],
      "env": {
        "ACYC": 6527.024358130348,
        "AFREQ": 1.0590138248847936,
        "EXEC": 0.2904273864384464,
        "FREQ": 0.3884075049374588,
        "INST": 4883.93021724819,
        "INSTnom": 0.5808729427254773,
        "INSTnom%": 14.52217248189599,
        "IPC": 0.8000177748518762,
        "L2MISS": 7.101443712969058,
        "L2MPI": 0.0015362771560237,
        "L3HIT": 0.5881224489795918,
        "L3MISS": 2.771878209348254,
        "L3MPI": 0.0007027491770901909,
        "PhysIPC": 1.6000855826201446,
        "PhysIPC%": 40.00111915734036,
        "READ": 2.5361744568795266,
        "TIME(ticks)": 2100.276497695853,
        "WRITE": 1.803730085582621
      }
    },