{
  "host_name": "example_machine",
  "model_params": {
    "MModel": {
      "mae": 64.03482248094691,
      "diff": {
        "AFREQ-C": 0.009776611158033613,
        "FREQ-C": 0.015098423947511203,
        "INST-C": 0.047959171767027214,
        "INSTnom%-C": 0.04503660201061223,
        "IPC-C": 0.04633600074379931,
        "L2HIT-C": 0.2337863468267912,
        "L2MISS-C": 0.10743041453519031,
        "L2MPI-C": 0.13047184766236092,
        "L3HIT-C": 0.054015830037819346,
        "PhysIPC%-C": 0.045831267936444965,
        "PhysIPC-C": 0.04365337668959332,
        "READ-C": 0.49600720767931156,
        "WRITE-C": 2.6373965692704746
      },
      "r2": 0.7761527125710749,
      "mse": 280.5398042723707,
      "avg_diff": 0.3009845900203823,
      "file": "output/machine/example_machine.pkl"
    }
  },
  "TRAINED": true
}