{
  "2": {
    "swaptions": 1.0,
    "ferret": 1.0,
    "bodytrack": 0.31545318329347766,
    "svm": 0.5777609682299548,
    "nn": 0.44504504504504494,
    "facedetect": 0.5580654053508579
  },
  "3": {
    "swaptions": 1.0,
    "ferret": 1.0,
    "bodytrack": 0.3154531832934776,
    "svm": 0.6553706505295007,
    "nn": 0.5234234234234233,
    "facedetect": 0.5580654053508579
  },
  "4": {
    "swaptions": 1.0,
    "ferret": 1.0,
    "bodytrack": 0.3154531832934776,
    "svm": 0.6591527987897124,
    "nn": 0.43873873873873875,
    "facedetect": 0.5580654053508579
  },
  "5": {
    "swaptions": 1.0,
    "ferret": 1.0,
    "bodytrack": 0.31545318329347766,
    "svm": 0.5521936459909229,
    "nn": 0.30270270270270266,
    "facedetect": 0.5580654053508579
  },
  "6": {
    "swaptions": 1.0,
    "ferret": 1.0,
    "bodytrack": 0.31545318329347766,
    "svm": 0.5257186081694404,
    "nn": 0.6396396396396394,
    "facedetect": 0.5580654053508579
  }
}