{
  "2": {
    "swaptions": 0.8127245746852294,
    "ferret": 0.9845263692501934,
    "bodytrack": 0.31545318329347766,
    "svm": 0.5877458396369137,
    "nn": 0.0,
    "facedetect": 0.5580654053508579
  },
  "3": {
    "swaptions": 0.8127245746852294,
    "ferret": 0.9845263692501935,
    "bodytrack": 0.3154531832934776,
    "svm": 0.4515885022692889,
    "nn": 0.0,
    "facedetect": 0.5580654053508579
  },
  "4": {
    "swaptions": 0.8127245746852294,
    "ferret": 0.9845263692501935,
    "bodytrack": 0.3154531832934776,
    "svm": 0.4096822995461423,
    "nn": 0.0,
    "facedetect": 0.5580654053508579
  },
  "5": {
    "swaptions": 0.8127245746852294,
    "ferret": 0.9845263692501934,
    "bodytrack": 0.31545318329347766,
    "svm": 0.5236006051437216,
    "nn": 0.0,
    "facedetect": 0.5580654053508579
  },
  "6": {
    "swaptions": 0.8127245746852294,
    "ferret": 0.9845263692501934,
    "bodytrack": 0.31545318329347766,
    "svm": 0.23903177004538576,
    "nn": 0.0,
    "facedetect": 0.5580654053508579
  }
}