{
  "2": {
    "swaptions": 0.8127245746852294,
    "ferret": 0.9746536232503168,
    "bodytrack": 0.31545318329347766,
    "svm": 0.40332829046898644,
    "nn": 0.0,
    "facedetect": 0.5580654053508579
  },
  "3": {
    "swaptions": 0.8127245746852294,
    "ferret": 0.0,
    "bodytrack": 0.3154531832934776,
    "svm": 0.0,
    "nn": 0.0,
    "facedetect": 0.5545773021566834
  },
  "4": {
    "swaptions": 0.8127245746852294,
    "ferret": 0.0,
    "bodytrack": 0.3154531832934776,
    "svm": 0.0,
    "nn": 0.0,
    "facedetect": 0.5545773021566834
  },
  "5": {
    "swaptions": 0.8127245746852294,
    "ferret": 0.0,
    "bodytrack": 0.31545318329347766,
    "svm": 0.0,
    "nn": 0.0,
    "facedetect": 0.5545773021566833
  },
  "6": {
    "swaptions": 0.8127245746852294,
    "ferret": 0.0,
    "bodytrack": 0.31545318329347766,
    "svm": 0.0,
    "nn": 0.0,
    "facedetect": 0.5545773021566833
  }
}