{
  "2": {
    "swaptions": 0.7983487509371665,
    "ferret": 0.590715821550116,
    "bodytrack": 0.31545318329347766,
    "svm": 0.4869894099848713,
    "nn": 0.0,
    "facedetect": 0.5580654053508579
  },
  "3": {
    "swaptions": 0.7983487509371665,
    "ferret": 0.3938105477000774,
    "bodytrack": 0.3154531832934776,
    "svm": 0.2270045385779123,
    "nn": 0.0,
    "facedetect": 0.5580654053508579
  },
  "4": {
    "swaptions": 0.7983487509371665,
    "ferret": 0.09820581827502244,
    "bodytrack": 0.3154531832934776,
    "svm": 0.31119515885022697,
    "nn": 0.0,
    "facedetect": 0.5580654053508579
  },
  "5": {
    "swaptions": 0.7602442832639952,
    "ferret": 0.0,
    "bodytrack": 0.31545318329347766,
    "svm": 0.21694402420574893,
    "nn": 0.0,
    "facedetect": 0.5580654053508579
  },
  "6": {
    "swaptions": 0.7348413048152141,
    "ferret": 0.0,
    "bodytrack": 0.31545318329347766,
    "svm": 0.504538577912254,
    "nn": 0.0,
    "facedetect": 0.5670385738277969
  }
}