{
  "2": {
    "swaptions": 0.9250898298740917,
    "ferret": 1.0,
    "bodytrack": 0.31545318329347766,
    "svm": 0.33071104387291994,
    "nn": 0.3153153153153153,
    "facedetect": 0.5580654053508579
  },
  "3": {
    "swaptions": 0.8689072022796605,
    "ferret": 1.0,
    "bodytrack": 0.3154531832934776,
    "svm": 0.45370650529500745,
    "nn": 0.4423423423423423,
    "facedetect": 0.5580654053508579
  },
  "4": {
    "swaptions": 0.8314521172167065,
    "ferret": 1.0,
    "bodytrack": 0.3154531832934776,
    "svm": 0.546142208774584,
    "nn": 0.4396396396396396,
    "facedetect": 0.5580654053508579
  },
  "5": {
    "swaptions": 0.8127245746852294,
    "ferret": 1.0,
    "bodytrack": 0.31545318329347766,
    "svm": 0.43933434190620274,
    "nn": 0.2648648648648648,
    "facedetect": 0.5580654053508579
  },
  "6": {
    "swaptions": 0.8127245746852294,
    "ferret": 1.0,
    "bodytrack": 0.31545318329347766,
    "svm": 0.5907715582450833,
    "nn": 0.40540540540540543,
    "facedetect": 0.5580654053508579
  }
}