{
  "2": {
    "swaptions": 1.0,
    "ferret": 1.0,
    "bodytrack": 0.31545318329347766,
    "svm": 0.5567322239031771,
    "nn": 0.5153153153153152,
    "facedetect": 0.5580654053508579
  },
  "3": {
    "swaptions": 1.0,
    "ferret": 1.0,
    "bodytrack": 0.3154531832934776,
    "svm": 0.5711800302571861,
    "nn": 0.5054054054054055,
    "facedetect": 0.5580654053508579
  },
  "4": {
    "swaptions": 1.0,
    "ferret": 1.0,
    "bodytrack": 0.3154531832934776,
    "svm": 0.4602118003025719,
    "nn": 0.45585585585585575,
    "facedetect": 0.5580654053508579
  },
  "5": {
    "swaptions": 1.0,
    "ferret": 1.0,
    "bodytrack": 0.31545318329347766,
    "svm": 0.5910741301059003,
    "nn": 0.5621621621621622,
    "facedetect": 0.5580654053508579
  },
  "6": {
    "swaptions": 1.0,
    "ferret": 1.0,
    "bodytrack": 0.31545318329347766,
    "svm": 0.63464447806354,
    "nn": 0.29729729729729726,
    "facedetect": 0.5580654053508579
  }
}