{
  "2": {
    "swaptions": 0.7983487509371665,
    "ferret": 0.7876210954001548,
    "bodytrack": 0.31545318329347766,
    "svm": 0.3951588502269289,
    "nn": 0.0,
    "facedetect": 0.5580654053508579
  },
  "3": {
    "swaptions": 0.7983487509371665,
    "ferret": 0.5899753656001254,
    "bodytrack": 0.3154531832934776,
    "svm": 0.4193645990922844,
    "nn": 0.0,
    "facedetect": 0.5580654053508579
  },
  "4": {
    "swaptions": 0.7983487509371665,
    "ferret": 0.3941048314750737,
    "bodytrack": 0.3154531832934776,
    "svm": 0.42397881996974274,
    "nn": 0.0,
    "facedetect": 0.5580654053508579
  },
  "5": {
    "swaptions": 0.7983487509371665,
    "ferret": 0.7903740726501203,
    "bodytrack": 0.31545318329347766,
    "svm": 0.5291981845688352,
    "nn": 0.0,
    "facedetect": 0.5580654053508579
  },
  "6": {
    "swaptions": 0.7983487509371665,
    "ferret": 0.0,
    "bodytrack": 0.31545318329347766,
    "svm": 0.5544629349470497,
    "nn": 0.0,
    "facedetect": 0.5580654053508579
  }
}