{
  "2": {
    "swaptions": 0.8127245746852294,
    "ferret": 1.0,
    "bodytrack": 0.31545318329347766,
    "svm": 0.3889561270801816,
    "nn": 0.5279279279279278,
    "facedetect": 0.5580654053508579
  },
  "3": {
    "swaptions": 0.8105558411691991,
    "ferret": 0.9992405580000095,
    "bodytrack": 0.3154531832934776,
    "svm": 0.5826021180030257,
    "nn": 0.4486486486486486,
    "facedetect": 0.5580654053508579
  },
  "4": {
    "swaptions": 0.8091182587943926,
    "ferret": 1.0,
    "bodytrack": 0.3154531832934776,
    "svm": 0.47738275340393355,
    "nn": 0.49369369369369365,
    "facedetect": 0.5580654053508579
  },
  "5": {
    "swaptions": 0.8170126019020063,
    "ferret": 1.0,
    "bodytrack": 0.31545318329347766,
    "svm": 0.5220877458396368,
    "nn": 0.3675675675675675,
    "facedetect": 0.5580654053508579
  },
  "6": {
    "swaptions": 0.7983487509371665,
    "ferret": 1.0,
    "bodytrack": 0.31545318329347766,
    "svm": 0.4273827534039335,
    "nn": 0.03603603603603598,
    "facedetect": 0.5580654053508579
  }
}