{
  "2": {
    "swaptions": 0.8127245746852294,
    "ferret": 1.0,
    "bodytrack": 0.31545318329347766,
    "svm": 0.4355521936459909,
    "nn": 0.41261261261261256,
    "facedetect": 0.5580654053508579
  },
  "3": {
    "swaptions": 0.8105558411691991,
    "ferret": 0.9992405580000095,
    "bodytrack": 0.3154531832934776,
    "svm": 0.49069591527987894,
    "nn": 0.4864864864864865,
    "facedetect": 0.5580654053508579
  },
  "4": {
    "swaptions": 0.8091182587943926,
    "ferret": 1.0,
    "bodytrack": 0.3154531832934776,
    "svm": 0.45128593040847215,
    "nn": 0.6018018018018019,
    "facedetect": 0.5580654053508579
  },
  "5": {
    "swaptions": 0.8170126019020063,
    "ferret": 1.0,
    "bodytrack": 0.31545318329347766,
    "svm": 0.5962178517397883,
    "nn": 0.5099099099099098,
    "facedetect": 0.5580654053508579
  },
  "6": {
    "swaptions": 0.7983487509371665,
    "ferret": 1.0,
    "bodytrack": 0.31545318329347766,
    "svm": 0.6164901664145235,
    "nn": 0.6036036036036037,
    "facedetect": 0.5580654053508579
  }
}