{
  "2": {
    "swaptions": 0.48763474481113767,
    "ferret": 0.9845263692501934,
    "bodytrack": 0.31545318329347766,
    "svm": 0.3874432677760969,
    "nn": 0.0,
    "facedetect": 0.5580654053508579
  },
  "3": {
    "swaptions": 0.24381737240556883,
    "ferret": 0.9845263692501935,
    "bodytrack": 0.3154531832934776,
    "svm": 0.0,
    "nn": 0.0,
    "facedetect": 0.5580654053508579
  },
  "4": {
    "swaptions": 0.08127245746852294,
    "ferret": 0.9845263692501935,
    "bodytrack": 0.3154531832934776,
    "svm": 0.0,
    "nn": 0.0,
    "facedetect": 0.5580654053508579
  },
  "5": {
    "swaptions": 0.0,
    "ferret": 0.7876210954001548,
    "bodytrack": 0.31545318329347766,
    "svm": 0.0,
    "nn": 0.0,
    "facedetect": 0.5580654053508579
  },
  "6": {
    "swaptions": 0.0,
    "ferret": 0.0,
    "bodytrack": 0.31545318329347766,
    "svm": 0.0,
    "nn": 0.0,
    "facedetect": 0.5580654053508579
  }
}