{
  "2": {
    "swaptions": 1.0,
    "ferret": 1.0,
    "bodytrack": 0.31545318329347766,
    "svm": 0.2701966717095311,
    "nn": 0.5297297297297296,
    "facedetect": 0.5580654053508579
  },
  "3": {
    "swaptions": 1.0,
    "ferret": 1.0,
    "bodytrack": 0.3154531832934776,
    "svm": 0.5018910741301059,
    "nn": 0.5378378378378378,
    "facedetect": 0.5580654053508579
  },
  "4": {
    "swaptions": 1.0,
    "ferret": 1.0,
    "bodytrack": 0.3154531832934776,
    "svm": 0.4792738275340394,
    "nn": 0.45225225225225224,
    "facedetect": 0.5580654053508579
  },
  "5": {
    "swaptions": 0.8,
    "ferret": 1.0,
    "bodytrack": 0.31545318329347766,
    "svm": 0.4143721633888047,
    "nn": 0.4954954954954953,
    "facedetect": 0.5580654053508579
  },
  "6": {
    "swaptions": 0.0,
    "ferret": 1.0,
    "bodytrack": 0.31545318329347766,
    "svm": 0.36686838124054466,
    "nn": 0.5045045045045045,
    "facedetect": 0.5580654053508579
  }
}