{
  "2": {
    "swaptions": 0.6,
    "ferret": 1.0,
    "bodytrack": 0.31545318329347766,
    "svm": 0.42738275340393334,
    "nn": 0.5063063063063062,
    "facedetect": 0.5580654053508579
  },
  "3": {
    "swaptions": 0.3,
    "ferret": 1.0,
    "bodytrack": 0.3154531832934776,
    "svm": 0.3978819969742814,
    "nn": 0.39369369369369367,
    "facedetect": 0.5580654053508579
  },
  "4": {
    "swaptions": 0.1,
    "ferret": 1.0,
    "bodytrack": 0.3154531832934776,
    "svm": 0.4232980332829047,
    "nn": 0.25855855855855847,
    "facedetect": 0.5580654053508579
  },
  "5": {
    "swaptions": 0.0,
    "ferret": 1.0,
    "bodytrack": 0.31545318329347766,
    "svm": 0.459606656580938,
    "nn": 0.0,
    "facedetect": 0.5580654053508579
  },
  "6": {
    "swaptions": 0.0,
    "ferret": 0.0,
    "bodytrack": 0.31545318329347766,
    "svm": 0.4024205748865355,
    "nn": 0.0,
    "facedetect": 0.5580654053508579
  }
}