{
  "2": {
    "swaptions": 0.7983487509371665,
    "ferret": 0.7876210954001548,
    "bodytrack": 0.31545318329347766,
    "svm": 0.4527987897125567,
    "nn": 0.0,
    "facedetect": 0.5580654053508579
  },
  "3": {
    "swaptions": 0.7983487509371665,
    "ferret": 0.3938105477000774,
    "bodytrack": 0.3154531832934776,
    "svm": 0.16475037821482608,
    "nn": 0.0,
    "facedetect": 0.5580654053508579
  },
  "4": {
    "swaptions": 0.7983487509371665,
    "ferret": 0.09820581827502244,
    "bodytrack": 0.3154531832934776,
    "svm": 0.0,
    "nn": 0.0,
    "facedetect": 0.5580654053508579
  },
  "5": {
    "swaptions": 0.6005745330765618,
    "ferret": 0.0,
    "bodytrack": 0.31545318329347766,
    "svm": 0.0,
    "nn": 0.0,
    "facedetect": 0.5580654053508579
  },
  "6": {
    "swaptions": 0.7348413048152141,
    "ferret": 0.0,
    "bodytrack": 0.31545318329347766,
    "svm": 0.0,
    "nn": 0.0,
    "facedetect": 0.5670385738277969
  }
}