{
  "2": {
    "swaptions": 0.7983487509371665,
    "ferret": 0.7876210954001548,
    "bodytrack": 0.31545318329347766,
    "svm": 0.4612708018154311,
    "nn": 0.0,
    "facedetect": 0.5580654053508579
  },
  "3": {
    "swaptions": 0.7983487509371665,
    "ferret": 0.5884944537001439,
    "bodytrack": 0.3154531832934776,
    "svm": 0.43804841149773066,
    "nn": 0.0,
    "facedetect": 0.5565605769553537
  },
  "4": {
    "swaptions": 0.7185138758434498,
    "ferret": 0.3930700917500866,
    "bodytrack": 0.3154531832934776,
    "svm": 0.2987897125567322,
    "nn": 0.0,
    "facedetect": 0.557367784712023
  },
  "5": {
    "swaptions": 0.4790092505622999,
    "ferret": 0.19641163655004487,
    "bodytrack": 0.31545318329347766,
    "svm": 0.07428139183055975,
    "nn": 0.0,
    "facedetect": 0.5580654053508579
  },
  "6": {
    "swaptions": 0.0,
    "ferret": 0.0,
    "bodytrack": 0.31545318329347766,
    "svm": 0.0,
    "nn": 0.0,
    "facedetect": 0.5580654053508579
  }
}