{
  "2": {
    "swaptions": 0.9250898298740917,
    "ferret": 1.0,
    "bodytrack": 0.31545318329347766,
    "svm": 0.33267776096823,
    "nn": 0.2576576576576577,
    "facedetect": 0.5580654053508579
  },
  "3": {
    "swaptions": 0.8689072022796605,
    "ferret": 1.0,
    "bodytrack": 0.3154531832934776,
    "svm": 0.45711043872919815,
    "nn": 0.5297297297297296,
    "facedetect": 0.5580654053508579
  },
  "4": {
    "swaptions": 0.8314521172167065,
    "ferret": 1.0,
    "bodytrack": 0.3154531832934776,
    "svm": 0.5391830559757942,
    "nn": 0.40270270270270264,
    "facedetect": 0.5580654053508579
  },
  "5": {
    "swaptions": 0.32508982987409174,
    "ferret": 0.6,
    "bodytrack": 0.31545318329347766,
    "svm": 0.3263237518910741,
    "nn": 0.0,
    "facedetect": 0.5580654053508579
  },
  "6": {
    "swaptions": 0.0,
    "ferret": 0.0,
    "bodytrack": 0.31545318329347766,
    "svm": 0.21709531013615738,
    "nn": 0.0,
    "facedetect": 0.5580654053508579
  }
}