{
  "2": {
    "swaptions": 0.8127245746852294,
    "ferret": 1.0,
    "bodytrack": 0.31545318329347766,
    "svm": 0.443267776096823,
    "nn": 0.46306306306306294,
    "facedetect": 0.5580654053508579
  },
  "3": {
    "swaptions": 0.8012239156867791,
    "ferret": 0.9992405580000095,
    "bodytrack": 0.3154531832934776,
    "svm": 0.39493192133131616,
    "nn": 0.39369369369369367,
    "facedetect": 0.5580654053508579
  },
  "4": {
    "swaptions": 0.7199514582182561,
    "ferret": 1.0,
    "bodytrack": 0.3154531832934776,
    "svm": 0.4065052950075644,
    "nn": 0.24054054054054047,
    "facedetect": 0.5580654053508579
  },
  "5": {
    "swaptions": 0.6386790007497332,
    "ferret": 0.6,
    "bodytrack": 0.31545318329347766,
    "svm": 0.5142208774583963,
    "nn": 0.21621621621621617,
    "facedetect": 0.5580654053508579
  },
  "6": {
    "swaptions": 0.7983487509371665,
    "ferret": 0.0,
    "bodytrack": 0.31545318329347766,
    "svm": 0.1853252647503784,
    "nn": 0.0,
    "facedetect": 0.5580654053508579
  }
}