{
  "2": {
    "swaptions": 1.0,
    "ferret": 1.0,
    "bodytrack": 0.31545318329347766,
    "svm": 0.44871406959152804,
    "nn": 0.3027027027027027,
    "facedetect": 0.5580654053508579
  },
  "3": {
    "swaptions": 1.0,
    "ferret": 1.0,
    "bodytrack": 0.3154531832934776,
    "svm": 0.47246596066565816,
    "nn": 0.554054054054054,
    "facedetect": 0.5580654053508579
  },
  "4": {
    "swaptions": 1.0,
    "ferret": 1.0,
    "bodytrack": 0.3154531832934776,
    "svm": 0.44462934947049926,
    "nn": 0.4603603603603603,
    "facedetect": 0.5580654053508579
  },
  "5": {
    "swaptions": 1.0,
    "ferret": 1.0,
    "bodytrack": 0.31545318329347766,
    "svm": 0.40090771558245086,
    "nn": 0.5405405405405405,
    "facedetect": 0.5580654053508579
  },
  "6": {
    "swaptions": 0.0,
    "ferret": 1.0,
    "bodytrack": 0.31545318329347766,
    "svm": 0.5226928895612707,
    "nn": 0.45945945945945943,
    "facedetect": 0.5580654053508579
  }
}