{
  "2": {
    "swaptions": 1.0,
    "ferret": 1.0,
    "bodytrack": 0.31545318329347766,
    "svm": 0.5093797276853251,
    "nn": 0.5585585585585585,
    "facedetect": 0.5580654053508579
  },
  "3": {
    "swaptions": 1.0,
    "ferret": 1.0,
    "bodytrack": 0.3154531832934776,
    "svm": 0.41807866868381255,
    "nn": 0.5585585585585585,
    "facedetect": 0.5580654053508579
  },
  "4": {
    "swaptions": 1.0,
    "ferret": 1.0,
    "bodytrack": 0.3154531832934776,
    "svm": 0.421104387291982,
    "nn": 0.6135135135135134,
    "facedetect": 0.5580654053508579
  },
  "5": {
    "swaptions": 1.0,
    "ferret": 1.0,
    "bodytrack": 0.31545318329347766,
    "svm": 0.38350983358547663,
    "nn": 0.44324324324324316,
    "facedetect": 0.5580654053508579
  },
  "6": {
    "swaptions": 0.0,
    "ferret": 1.0,
    "bodytrack": 0.31545318329347766,
    "svm": 0.49319213313161864,
    "nn": 0.2702702702702702,
    "facedetect": 0.5580654053508579
  }
}