{
  "2": {
    "swaptions": 0.7982135488174102,
    "ferret": 1.0,
    "bodytrack": 0.8052045732258866,
    "nn": 0.5847457627118644,
    "facedetect": 1.0
  },
  "3": {
    "swaptions": 0.7982135488174102,
    "ferret": 1.0,
    "bodytrack": 0.8052045732258865,
    "nn": 0.5056497175141242,
    "facedetect": 1.0
  },
  "4": {
    "swaptions": 0.7982135488174102,
    "ferret": 1.0,
    "bodytrack": 0.8052045732258866,
    "nn": 0.6016949152542372,
    "facedetect": 1.0
  },
  "5": {
    "swaptions": 0.7982135488174102,
    "ferret": 0.0,
    "bodytrack": 0.8052045732258866,
    "nn": 0.0,
    "facedetect": 1.0
  }
}