{
  "2": {
    "swaptions": 0.7982135488174102,
    "ferret": 1.0,
    "bodytrack": 0.8052045732258866,
    "nn": 0.7055084745762711,
    "facedetect": 1.0
  },
  "3": {
    "swaptions": 0.7346635225411773,
    "ferret": 0.0,
    "bodytrack": 0.6845800113356241,
    "nn": 0.0,
    "facedetect": 1.0
  },
  "4": {
    "swaptions": 0.7346635225411773,
    "ferret": 0.0,
    "bodytrack": 0.6845800113356241,
    "nn": 0.0,
    "facedetect": 1.0
  },
  "5": {
    "swaptions": 0.2715743168854812,
    "ferret": 0.0,
    "bodytrack": 0.675399603787774,
    "nn": 0.0,
    "facedetect": 1.0
  }
}