{
  "2": {
    "swaptions": 0.8485008259373589,
    "ferret": 1.0,
    "bodytrack": 0.8052045732258866,
    "nn": 0.5000000000000001,
    "facedetect": 1.0
  },
  "3": {
    "swaptions": 0.8006111258804086,
    "ferret": 1.0,
    "bodytrack": 0.46753409553764774,
    "nn": 0.48022598870056493,
    "facedetect": 1.0
  },
  "4": {
    "swaptions": 0.7982135488174102,
    "ferret": 1.0,
    "bodytrack": 0.25,
    "nn": 0.5550847457627119,
    "facedetect": 1.0
  },
  "5": {
    "swaptions": 0.7982135488174102,
    "ferret": 0.0,
    "bodytrack": 0.0,
    "nn": 0.7542372881355933,
    "facedetect": 1.0
  }
}