{
  "2": {
    "swaptions": 0.782326042248352,
    "ferret": 1.0,
    "bodytrack": 0.8052045732258866,
    "nn": 0.5572033898305083,
    "facedetect": 1.0
  },
  "3": {
    "swaptions": 0.7664385356792938,
    "ferret": 1.0,
    "bodytrack": 0.8052045732258865,
    "nn": 0.5861581920903955,
    "facedetect": 1.0
  },
  "4": {
    "swaptions": 0.7346635225411773,
    "ferret": 1.0,
    "bodytrack": 0.8052045732258866,
    "nn": 0.48728813559322026,
    "facedetect": 1.0
  },
  "5": {
    "swaptions": 0.7346635225411773,
    "ferret": 0.0,
    "bodytrack": 0.8052045732258866,
    "nn": 0.0,
    "facedetect": 1.0
  }
}