{
  "2": {
    "swaptions": 1.0,
    "ferret": 1.0,
    "bodytrack": 1.0,
    "nn": 0.5084745762711864,
    "facedetect": 1.0
  },
  "3": {
    "swaptions": 0.9819325619780521,
    "ferret": 1.0,
    "bodytrack": 0.9675340955376477,
    "nn": 0.516949152542373,
    "facedetect": 1.0
  },
  "4": {
    "swaptions": 1.0,
    "ferret": 1.0,
    "bodytrack": 0.9513011433064716,
    "nn": 0.6483050847457626,
    "facedetect": 1.0
  },
  "5": {
    "swaptions": 1.0,
    "ferret": 1.0,
    "bodytrack": 0.0,
    "nn": 0.3813559322033898,
    "facedetect": 1.0
  }
}