{
  "2": {
    "swaptions": 0.7982135488174102,
    "ferret": 1.0,
    "bodytrack": 0.8052045732258866,
    "nn": 0.5783898305084745,
    "facedetect": 1.0
  },
  "3": {
    "swaptions": 0.7982135488174102,
    "ferret": 1.0,
    "bodytrack": 0.7649963859291323,
    "nn": 0.45903954802259883,
    "facedetect": 0.9779043286052325
  },
  "4": {
    "swaptions": 0.7982135488174102,
    "ferret": 1.0,
    "bodytrack": 0.7646654440593511,
    "nn": 0.6440677966101694,
    "facedetect": 1.0
  },
  "5": {
    "swaptions": 0.0,
    "ferret": 0.0,
    "bodytrack": 0.0,
    "nn": 0.0,
    "facedetect": 0.941233226126452
  }
}