{
  "2": {
    "swaptions": 0.8718462817000844,
    "ferret": 1.0,
    "bodytrack": 0.9026022866129433,
    "nn": 0.6546610169491525,
    "facedetect": 1.0
  },
  "3": {
    "swaptions": 0.7118688688732931,
    "ferret": 1.0,
    "bodytrack": 0.4149640974269184,
    "nn": 0.5918079096045198,
    "facedetect": 1.0
  },
  "4": {
    "swaptions": 0.19955338720435256,
    "ferret": 1.0,
    "bodytrack": 0.17114500283390602,
    "nn": 0.3919491525423729,
    "facedetect": 1.0
  },
  "5": {
    "swaptions": 0.0,
    "ferret": 1.0,
    "bodytrack": 0.0,
    "nn": 0.5423728813559323,
    "facedetect": 0.941233226126452
  }
}