{
  "5": {
    "bodytrack": 0.95,
    "swaptions": 0.6,
    "ferret": 0.6,
    "nn": 0.5288135593220339,
    "svm": 0.6484579799537393,
    "facedetect": 1.0
  },
  "6": {
    "bodytrack": 0.0,
    "swaptions": 0.0,
    "ferret": 0.75,
    "nn": 0.40042372881355937,
    "svm": 0.5483808789514264,
    "facedetect": 1.0
  }
}