{
  "5": {
    "bodytrack": 0.6430480565597444,
    "swaptions": 0.0,
    "ferret": 0.0,
    "nn": 0.0,
    "svm": 0.0,
    "facedetect": 0.941233226126452
  },
  "6": {
    "bodytrack": 0.6430480565597446,
    "swaptions": 0.0,
    "ferret": 0.0,
    "nn": 0.0,
    "svm": 0.0,
    "facedetect": 0.941233226126452
  }
}