{
  "5": {
    "bodytrack": 0.675399603787774,
    "swaptions": 0.2715743168854813,
    "ferret": 0.0,
    "nn": 0.0,
    "svm": 0.0,
    "facedetect": 1.0
  },
  "6": {
    "bodytrack": 0.6430480565597446,
    "swaptions": 0.2715743168854812,
    "ferret": 0.0,
    "nn": 0.0,
    "svm": 0.0,
    "facedetect": 1.0
  }
}