{
  "5": {
    "bodytrack": 0.6754793598929727,
    "swaptions": 0.6308189967876241,
    "ferret": 0.1,
    "nn": 0.2898305084745763,
    "svm": 0.0,
    "facedetect": 1.0
  },
  "6": {
    "bodytrack": 0.6430480565597446,
    "swaptions": 0.7346635225411773,
    "ferret": 0.0,
    "nn": 0.0,
    "svm": 0.0,
    "facedetect": 1.0
  }
}