{
  "5": {
    "bodytrack": 0.0,
    "swaptions": 0.0,
    "ferret": 0.2,
    "nn": 0.49872881355932197,
    "svm": 0.0,
    "facedetect": 0.9764932904505809
  },
  "6": {
    "bodytrack": 0.8052045732258866,
    "swaptions": 0.0,
    "ferret": 0.0,
    "nn": 0.44703389830508466,
    "svm": 0.0,
    "facedetect": 0.941233226126452
  }
}