{
  "5": {
    "bodytrack": 0.5390408232529579,
    "swaptions": 0.3192854195269641,
    "ferret": 0.25,
    "nn": 0.025847457627118653,
    "svm": 0.06318427139552815,
    "facedetect": 0.9764932904505809
  },
  "6": {
    "bodytrack": 0.6430480565597446,
    "swaptions": 0.19955338720435256,
    "ferret": 0.0,
    "nn": 0.0,
    "svm": 0.0,
    "facedetect": 1.0
  }
}