{
  "5": {
    "bodytrack": 0.0,
    "swaptions": 0.7583028713765395,
    "ferret": 0.5,
    "nn": 0.4749999999999999,
    "svm": 0.0,
    "facedetect": 1.0
  },
  "6": {
    "bodytrack": 0.0,
    "swaptions": 0.5986601616130577,
    "ferret": 0.25,
    "nn": 0.5847457627118644,
    "svm": 0.0,
    "facedetect": 1.0
  }
}