{
  "5": {
    "bodytrack": 0.75,
    "swaptions": 0.65,
    "ferret": 0.85,
    "nn": 0.5046610169491526,
    "svm": 0.6357748650732459,
    "facedetect": 1.0
  },
  "6": {
    "bodytrack": 0.0,
    "swaptions": 0.0,
    "ferret": 0.25,
    "nn": 0.5127118644067795,
    "svm": 0.6432151117964533,
    "facedetect": 1.0
  }
}