{
  "5": {
    "bodytrack": 0.7,
    "swaptions": 0.6,
    "ferret": 0.8,
    "nn": 0.5377118644067795,
    "svm": 0.6226676946800309,
    "facedetect": 1.0
  },
  "6": {
    "bodytrack": 0.25,
    "swaptions": 0.0,
    "ferret": 0.25,
    "nn": 0.5084745762711863,
    "svm": 0.610254433307633,
    "facedetect": 1.0
  }
}