{
  "2": {
    "swaptions": 0.994774614445124,
    "ferret": 0.038769744541598955,
    "bodytrack": 0.06645386065653935,
    "svm": 0.9734491315136478,
    "nn": 0.0,
    "facedetect": 0.5803185772055992
  },
  "3": {
    "swaptions": 0.9947746144451239,
    "ferret": 0.03876974454159896,
    "bodytrack": 0.06645386065653935,
    "svm": 0.8508684863523573,
    "nn": 0.0,
    "facedetect": 0.5803185772055991
  },
  "4": {
    "swaptions": 0.9947746144451239,
    "ferret": 0.03876974454159896,
    "bodytrack": 0.06645386065653935,
    "svm": 0.5600496277915633,
    "nn": 0.0,
    "facedetect": 0.5803185772055991
  },
  "5": {
    "swaptions": 0.5968647686670745,
    "ferret": 0.023261846724959373,
    "bodytrack": 0.06645386065653935,
    "svm": 0.2,
    "nn": 0.0,
    "facedetect": 0.5803185772055992
  },
  "6": {
    "swaptions": 0.0,
    "ferret": 0.038769744541598955,
    "bodytrack": 0.06645386065653935,
    "svm": 0.0,
    "nn": 0.0,
    "facedetect": 0.5803185772055992
  }
}