{
  "2": {
    "swaptions": 0.9999999999999897,
    "ferret": 1.0,
    "bodytrack": 0.06645386065653935,
    "svm": 0.9724565756823822,
    "nn": 0.0,
    "facedetect": 0.5803185772055992
  },
  "3": {
    "swaptions": 0.9999999999999896,
    "ferret": 1.0,
    "bodytrack": 0.06645386065653935,
    "svm": 0.8452853598014887,
    "nn": 0.0,
    "facedetect": 0.5803185772055991
  },
  "4": {
    "swaptions": 0.9999999999999896,
    "ferret": 1.0,
    "bodytrack": 0.06645386065653935,
    "svm": 0.8133995037220842,
    "nn": 0.0,
    "facedetect": 0.5803185772055991
  },
  "5": {
    "swaptions": 0.9999999999999897,
    "ferret": 1.0,
    "bodytrack": 0.06645386065653935,
    "svm": 0.887593052109181,
    "nn": 0.0,
    "facedetect": 0.5803185772055992
  },
  "6": {
    "swaptions": 0.0,
    "ferret": 0.0,
    "bodytrack": 0.06645386065653935,
    "svm": 1.0,
    "nn": 0.0,
    "facedetect": 0.5803185772055992
  }
}