{
  "2": {
    "swaptions": 0.9951471349333406,
    "ferret": 0.9848118910779643,
    "bodytrack": 0.06645386065653935,
    "svm": 0.8089330024813896,
    "nn": 0.0,
    "facedetect": 0.5803185772055992
  },
  "3": {
    "swaptions": 0.9951471349333405,
    "ferret": 0.9848118910779642,
    "bodytrack": 0.06645386065653935,
    "svm": 0.879652605459057,
    "nn": 0.0,
    "facedetect": 0.5803185772055991
  },
  "4": {
    "swaptions": 0.9951471349333405,
    "ferret": 0.9848118910779642,
    "bodytrack": 0.06645386065653935,
    "svm": 0.8949131513647643,
    "nn": 0.0,
    "facedetect": 0.5803185772055991
  },
  "5": {
    "swaptions": 0.39805885397333624,
    "ferret": 0.39392475643118574,
    "bodytrack": 0.06645386065653935,
    "svm": 0.8590570719602976,
    "nn": 0.0,
    "facedetect": 0.5803185772055992
  },
  "6": {
    "swaptions": 0.0,
    "ferret": 0.0,
    "bodytrack": 0.06645386065653935,
    "svm": 0.0,
    "nn": 0.0,
    "facedetect": 0.5803185772055992
  }
}