{
  "2": {
    "swaptions": 0.9931289470211272,
    "ferret": 0.0,
    "bodytrack": 0.06645386065653935,
    "svm": 0.0,
    "nn": 0.0,
    "facedetect": 0.5731176163081264
  },
  "3": {
    "swaptions": 0.9811369642508974,
    "ferret": 0.0,
    "bodytrack": 0.06645386065653935,
    "svm": 0.0,
    "nn": 0.0,
    "facedetect": 0.5731176163081263
  },
  "4": {
    "swaptions": 0.9741043785435359,
    "ferret": 0.0,
    "bodytrack": 0.06645386065653935,
    "svm": 0.0,
    "nn": 0.0,
    "facedetect": 0.5731176163081263
  },
  "5": {
    "swaptions": 0.9741043785435359,
    "ferret": 0.0,
    "bodytrack": 0.06645386065653935,
    "svm": 0.0,
    "nn": 0.0,
    "facedetect": 0.5731176163081264
  },
  "6": {
    "swaptions": 0.9741043785435359,
    "ferret": 0.0,
    "bodytrack": 0.06645386065653935,
    "svm": 0.0,
    "nn": 0.0,
    "facedetect": 0.5731176163081264
  }
}