{
  "2": {
    "swaptions": 0.994774614445124,
    "ferret": 0.0,
    "bodytrack": 0.06645386065653935,
    "svm": 0.9439205955334987,
    "nn": 0.0,
    "facedetect": 0.5803185772055992
  },
  "3": {
    "swaptions": 0.9931289470211271,
    "ferret": 0.0,
    "bodytrack": 0.06645386065653935,
    "svm": 0.0,
    "nn": 0.0,
    "facedetect": 0.5731176163081263
  },
  "4": {
    "swaptions": 0.9931289470211271,
    "ferret": 0.0,
    "bodytrack": 0.06645386065653935,
    "svm": 0.0,
    "nn": 0.0,
    "facedetect": 0.5731176163081263
  },
  "5": {
    "swaptions": 0.9811369642508975,
    "ferret": 0.0,
    "bodytrack": 0.06645386065653935,
    "svm": 0.0,
    "nn": 0.0,
    "facedetect": 0.5731176163081264
  },
  "6": {
    "swaptions": 0.9811369642508975,
    "ferret": 0.0,
    "bodytrack": 0.06645386065653935,
    "svm": 0.0,
    "nn": 0.0,
    "facedetect": 0.5731176163081264
  }
}