{
  "2": {
    "swaptions": 0.9999999999999897,
    "ferret": 1.0,
    "bodytrack": 0.06645386065653935,
    "svm": 0.8754342431761785,
    "nn": 0.0,
    "facedetect": 0.5803185772055992
  },
  "3": {
    "swaptions": 0.9999999999999896,
    "ferret": 1.0,
    "bodytrack": 0.06645386065653935,
    "svm": 0.9194789081885855,
    "nn": 0.0,
    "facedetect": 0.5803185772055991
  },
  "4": {
    "swaptions": 0.9999999999999896,
    "ferret": 1.0,
    "bodytrack": 0.06645386065653935,
    "svm": 0.8560794044665012,
    "nn": 0.0,
    "facedetect": 0.5803185772055991
  },
  "5": {
    "swaptions": 0.9999999999999897,
    "ferret": 0.8,
    "bodytrack": 0.06645386065653935,
    "svm": 0.8478908188585608,
    "nn": 0.0,
    "facedetect": 0.5803185772055992
  },
  "6": {
    "swaptions": 0.0,
    "ferret": 0.0,
    "bodytrack": 0.06645386065653935,
    "svm": 0.9578163771712155,
    "nn": 0.0,
    "facedetect": 0.5803185772055992
  }
}