{
  "2": {
    "swaptions": 0.9951471349333406,
    "ferret": 0.9848118910779643,
    "bodytrack": 0.06645386065653935,
    "svm": 0.811166253101737,
    "nn": 0.0,
    "facedetect": 0.5803185772055992
  },
  "3": {
    "swaptions": 0.9951471349333405,
    "ferret": 0.8863307019701677,
    "bodytrack": 0.06645386065653935,
    "svm": 0.9100496277915632,
    "nn": 0.0,
    "facedetect": 0.5803185772055991
  },
  "4": {
    "swaptions": 0.9951471349333405,
    "ferret": 0.9848118910779642,
    "bodytrack": 0.06645386065653935,
    "svm": 0.9155086848635235,
    "nn": 0.0,
    "facedetect": 0.5803185772055991
  },
  "5": {
    "swaptions": 0.5970882809600043,
    "ferret": 0.39295569917481055,
    "bodytrack": 0.06645386065653935,
    "svm": 0.7808933002481389,
    "nn": 0.0,
    "facedetect": 0.5803185772055992
  },
  "6": {
    "swaptions": 0.0,
    "ferret": 0.9925457134124979,
    "bodytrack": 0.06645386065653935,
    "svm": 0.9950372208436721,
    "nn": 0.0,
    "facedetect": 0.5803185772055992
  }
}