{
  "2": {
    "swaptions": 0.9999999999999897,
    "ferret": 1.0,
    "bodytrack": 0.06645386065653935,
    "svm": 0.936228287841191,
    "nn": 0.0,
    "facedetect": 0.5803185772055992
  },
  "3": {
    "swaptions": 0.9999999999999896,
    "ferret": 1.0,
    "bodytrack": 0.06645386065653935,
    "svm": 0.7864764267990073,
    "nn": 0.0,
    "facedetect": 0.5803185772055991
  },
  "4": {
    "swaptions": 0.9999999999999896,
    "ferret": 1.0,
    "bodytrack": 0.06645386065653935,
    "svm": 0.8524813895781636,
    "nn": 0.0,
    "facedetect": 0.5803185772055991
  },
  "5": {
    "swaptions": 0.9999999999999897,
    "ferret": 1.0,
    "bodytrack": 0.06645386065653935,
    "svm": 0.9086848635235732,
    "nn": 0.0,
    "facedetect": 0.5803185772055992
  },
  "6": {
    "swaptions": 0.0,
    "ferret": 1.0,
    "bodytrack": 0.06645386065653935,
    "svm": 0.6364764267990074,
    "nn": 0.0,
    "facedetect": 0.5803185772055992
  }
}