{
  "2": {
    "swaptions": 0.994774614445124,
    "ferret": 0.023261846724959373,
    "bodytrack": 0.06645386065653935,
    "svm": 0.7868486352357319,
    "nn": 0.0,
    "facedetect": 0.5803185772055992
  },
  "3": {
    "swaptions": 0.9947746144451239,
    "ferret": 0.015507897816639582,
    "bodytrack": 0.06645386065653935,
    "svm": 0.36364764267990074,
    "nn": 0.0,
    "facedetect": 0.5803185772055991
  },
  "4": {
    "swaptions": 0.9946100477027242,
    "ferret": 0.0,
    "bodytrack": 0.06645386065653935,
    "svm": 0.0,
    "nn": 0.0,
    "facedetect": 0.5803185772055991
  },
  "5": {
    "swaptions": 0.7948322911017012,
    "ferret": 0.0,
    "bodytrack": 0.06645386065653935,
    "svm": 0.0,
    "nn": 0.0,
    "facedetect": 0.5803185772055992
  },
  "6": {
    "swaptions": 0.9931289470211272,
    "ferret": 0.0,
    "bodytrack": 0.06645386065653935,
    "svm": 0.0,
    "nn": 0.0,
    "facedetect": 0.7356885143654237
  }
}