{
  "2": {
    "swaptions": 0.9951471349333406,
    "ferret": 0.9848118910779643,
    "bodytrack": 0.06645386065653935,
    "svm": 0.9250620347394541,
    "nn": 0.0,
    "facedetect": 0.5803185772055992
  },
  "3": {
    "swaptions": 0.9947746144451239,
    "ferret": 0.9848118910779642,
    "bodytrack": 0.06645386065653935,
    "svm": 0.9116625310173697,
    "nn": 0.0,
    "facedetect": 0.5803185772055991
  },
  "4": {
    "swaptions": 0.8955389710346756,
    "ferret": 0.8863307019701677,
    "bodytrack": 0.06645386065653935,
    "svm": 0.875682382133995,
    "nn": 0.0,
    "facedetect": 0.5611305642977836
  },
  "5": {
    "swaptions": 0.994774614445124,
    "ferret": 0.19696237821559287,
    "bodytrack": 0.06645386065653935,
    "svm": 0.8459057071960299,
    "nn": 0.0,
    "facedetect": 0.5803185772055992
  },
  "6": {
    "swaptions": 0.9947746144451242,
    "ferret": 0.9848118910779644,
    "bodytrack": 0.06645386065653935,
    "svm": 1.0,
    "nn": 0.0,
    "facedetect": 0.5803185772055992
  }
}