{
  "2": {
    "swaptions": 0.7958196915560993,
    "ferret": 0.015507897816639582,
    "bodytrack": 0.15127233153756292,
    "svm": 0.9243176178660049,
    "nn": 0.0,
    "facedetect": 0.5803185772055992
  },
  "3": {
    "swaptions": 0.9947746144451239,
    "ferret": 0.011630923362479687,
    "bodytrack": 0.06645386065653935,
    "svm": 0.76712158808933,
    "nn": 0.0,
    "facedetect": 0.5611305642977836
  },
  "4": {
    "swaptions": 0.7958196915560991,
    "ferret": 0.0038769744541598955,
    "bodytrack": 0.06645386065653935,
    "svm": 0.6450372208436724,
    "nn": 0.0,
    "facedetect": 0.5788783850261046
  },
  "5": {
    "swaptions": 0.5968647686670745,
    "ferret": 0.0,
    "bodytrack": 0.06645386065653935,
    "svm": 0.13598014888337473,
    "nn": 0.0,
    "facedetect": 0.5803185772055992
  },
  "6": {
    "swaptions": 0.0,
    "ferret": 0.0,
    "bodytrack": 0.06645386065653935,
    "svm": 0.0,
    "nn": 0.0,
    "facedetect": 0.5803185772055992
  }
}