{
  "name": "x264",
  "machine_id": 0,
  "model_params": {
    "x2641": {
      "file": "outputs/x264/x2641",
      "mse": 0.05569423048870149,
      "mae": 0.03628061115578577,
      "diff": 0.0319797610720736,
      "r2": 0.34767055918868983,
      "feature": [
        "EXEC",
        "FREQ",
        "L3MISS",
        "L2MPI",
        "IPC",
        "L3HIT",
        "L2MISS",
        "INSTnom%",
        "PhysIPC%",
        "INST",
        "L3MPI",
        "MEM"
      ],
      "poly": true,
      "model_type": "BR"
    },
    "x2642": {
      "file": "outputs/x264/x2642",
      "mse": 0.1381512933536668,
      "mae": 0.09003297948301303,
      "diff": 0.10500783398374848,
      "r2": -1.1637598168064103,
      "feature": [
        "EXEC"
      ],
      "poly": false,
      "model_type": "LS"
    },
    "x2643": {
      "file": "outputs/x264/x2643",
      "mse": 0.10830660681066916,
      "mae": 0.087039867024391,
      "diff": 0.07282088969352406,
      "r2": -0.03748390806468471,
      "feature": [
        "EXEC"
      ],
      "poly": true,
      "model_type": "LR"
    }
  },
  "TRAINED": true,
  "CLUSTERED": true,
  "num_of_cluster": 3,
  "cluster_info": {
    "x2641": {
      "cluster": [
        "rate-20",
        "rate-5",
        "rate-1",
        "rate-10",
        "rate-15"
      ],
      "env": {
        "ACYC": 2297.833333333333,
        "AFREQ": 1.0693333333333335,
        "EXEC": 0.26325,
        "FREQ": 0.13613333333333336,
        "INST": 4444.833333333333,
        "INSTnom": 0.5265833333333334,
        "INSTnom%": 13.163333333333332,
        "IPC": 1.9346666666666668,
        "L2MISS": 10.058833333333332,
        "L2MPI": 0.0022671666666666665,
        "L3HIT": 0.9624166666666666,
        "L3MISS": 0.3715333333333333,
        "L3MPI": 8.342333333333334e-05,
        "PhysIPC": 3.8703333333333334,
        "PhysIPC%": 96.75333333333333,
        "READ": 0.2246,
        "TIME(ticks)": 2113.333333333333,
        "WRITE": 0.085455
      }
    },
    "x2642": {
      "cluster": [
        "rate-30",
        "rate-25"
      ],
      "env": {
        "ACYC": 2312.5,
        "AFREQ": 1.07,
        "EXEC": 0.27749999999999997,
        "FREQ": 0.136,
        "INST": 4717.5,
        "INSTnom": 0.5549999999999999,
        "INSTnom%": 13.85,
        "IPC": 2.04,
        "L2MISS": 13.95,
        "L2MPI": 0.0029649999999999998,
        "L3HIT": 0.9685,
        "L3MISS": 0.4385,
        "L3MPI": 9.3e-05,
        "PhysIPC": 4.079999999999999,
        "PhysIPC%": 101.75,
        "READ": 0.25875000000000004,
        "TIME(ticks)": 2125.0,
        "WRITE": 0.09265000000000001
      }
    },
    "x2643": {
      "cluster": [
        "rate-35",
        "rate-45",
        "rate-40"
      ],
      "env": {
        "ACYC": 2305.555555555555,
        "AFREQ": 1.067777777777778,
        "EXEC": 0.2996666666666667,
        "FREQ": 0.13688888888888892,
        "INST": 5054.444444444444,
        "INSTnom": 0.5991111111111111,
        "INSTnom%": 14.966666666666669,
        "IPC": 2.1922222222222225,
        "L2MISS": 12.235555555555555,
        "L2MPI": 0.002417777777777778,
        "L3HIT": 0.9624444444444444,
        "L3MISS": 0.4503333333333333,
        "L3MPI": 8.926666666666666e-05,
        "PhysIPC": 4.387777777777778,
        "PhysIPC%": 109.66666666666669,
        "READ": 0.261,
        "TIME(ticks)": 2108.8888888888887,
        "WRITE": 0.11855555555555557
      }
    }
  },
  "overwrite": false,
  "maxes": {
    "EXEC": 1.3427659574468092,
    "FREQ": 0.6755744680851065,
    "INST": 0.8449905482041588,
    "INSTnom%": 0.6714893617021275,
    "IPC": 2.353333333333333,
    "L2MISS": 316.0,
    "L2MPI": 0.023133333333333332,
    "L3HIT": 0.9990000000000001,
    "L3MISS": 1.0269574468085103,
    "L3MPI": 8.385e-05,
    "PhysIPC%": 1.18,
    "MEM": 0.6695
  },
  "model_type": "LINEAR"
}