{
  "name": "x264",
  "machine_id": 0,
  "model_params": {
    "x2641": {
      "file": "outputs/x264/x2641",
      "mse": 0.0993759532810115,
      "mae": 0.058709939870405486,
      "diff": 0.05982246165616546,
      "r2": 0.019189796597451236,
      "feature": [
        "EXEC",
        "FREQ",
        "L3MISS",
        "INSTnom%",
        "PhysIPC%",
        "L3HIT",
        "L2MISS",
        "IPC",
        "INST",
        "L2MPI",
        "L3MPI",
        "MEM"
      ],
      "poly": false,
      "model_type": "SVR"
    }
  },
  "TRAINED": true,
  "CLUSTERED": true,
  "num_of_cluster": 1,
  "cluster_info": {
    "x2641": {
      "cluster": [
        "rate-31",
        "rate-19",
        "rate-12",
        "rate-16",
        "rate-8",
        "rate-4",
        "rate-1",
        "rate-35",
        "rate-23",
        "rate-27"
      ],
      "env": {
        "ACYC": 3304.8609502494282,
        "AFREQ": 1.0531419562965219,
        "EXEC": 0.33233330171841036,
        "FREQ": 0.19446194260892088,
        "INST": 5648.943179678614,
        "INSTnom": 0.66475185284844,
        "INSTnom%": 16.6177112822765,
        "IPC": 1.7128771226197315,
        "L2MISS": 18.138584611161786,
        "L2MPI": 0.0032223281014154928,
        "L3HIT": 0.8740866800896366,
        "L3MISS": 2.2349123139420963,
        "L3MPI": 0.00039262639617467876,
        "PhysIPC": 3.426404810197854,
        "PhysIPC%": 85.65129975226061,
        "READ": 1.097529608909609,
        "TIME(ticks)": 2124.1289444050317,
        "WRITE": 0.22829620824183866
      }
    }
  },
  "overwrite": false,
  "maxes": {
    "EXEC": 0.6688928571428571,
    "FREQ": 0.6496666666666665,
    "INST": 0.9966442953020135,
    "INSTnom%": 0.33446428571428555,
    "IPC": 1.5863636363636362,
    "L2MISS": 255.14814814814812,
    "L2MPI": 0.023125925925925918,
    "L3HIT": 0.9914687499999998,
    "L3MISS": 4.8900000000000015,
    "L3MPI": 0.0008427241379310343,
    "PhysIPC%": 0.7931818181818181,
    "MEM": 5.27032
  },
  "model_type": "LINEAR"
}