{
  "2": {
    "swaptions": 1.0,
    "ferret": 1.0,
    "bodytrack": 1.0,
    "svm": 0.6926754047802619,
    "nn": 0.6220338983050848,
    "facedetect": 1.0
  },
  "3": {
    "swaptions": 1.0,
    "ferret": 1.0,
    "bodytrack": 1.0,
    "svm": 0.6249036237471086,
    "nn": 0.55,
    "facedetect": 1.0
  },
  "4": {
    "swaptions": 1.0,
    "ferret": 1.0,
    "bodytrack": 1.0,
    "svm": 0.6750192752505783,
    "nn": 0.5779661016949154,
    "facedetect": 1.0
  },
  "5": {
    "swaptions": 0.6,
    "ferret": 0.8,
    "bodytrack": 0.8,
    "svm": 0.638550501156515,
    "nn": 0.6881355932203389,
    "facedetect": 1.0
  },
  "6": {
    "swaptions": 0.0,
    "ferret": 0.0,
    "bodytrack": 0.0,
    "svm": 0.6861989205859673,
    "nn": 0.6525423728813559,
    "facedetect": 1.0
  }
}