{
  "2": {
    "swaptions": 0.6,
    "ferret": 1.0,
    "bodytrack": 0.6,
    "svm": 0.6100231303006937,
    "nn": 0.49322033898305084,
    "facedetect": 1.0
  },
  "3": {
    "swaptions": 0.3,
    "ferret": 0.9,
    "bodytrack": 0.3,
    "svm": 0.715111796453354,
    "nn": 0.5008474576271187,
    "facedetect": 1.0
  },
  "4": {
    "swaptions": 0.1,
    "ferret": 0.7,
    "bodytrack": 0.1,
    "svm": 0.6373168851195066,
    "nn": 0.5186440677966101,
    "facedetect": 1.0
  },
  "5": {
    "swaptions": 0.0,
    "ferret": 0.2,
    "bodytrack": 0.0,
    "svm": 0.18858905165767154,
    "nn": 0.6796610169491524,
    "facedetect": 1.0
  },
  "6": {
    "swaptions": 0.0,
    "ferret": 0.0,
    "bodytrack": 0.0,
    "svm": 0.0,
    "nn": 0.6440677966101692,
    "facedetect": 1.0
  }
}