{
  "2": {
    "swaptions": 0.7346635225411773,
    "ferret": 0.0,
    "bodytrack": 0.6845800113356241,
    "svm": 0.0,
    "nn": 0.0,
    "facedetect": 1.0
  },
  "3": {
    "swaptions": 0.7346635225411774,
    "ferret": 0.0,
    "bodytrack": 0.6845800113356242,
    "svm": 0.0,
    "nn": 0.0,
    "facedetect": 1.0
  },
  "4": {
    "swaptions": 0.2715743168854812,
    "ferret": 0.0,
    "bodytrack": 0.6430480565597446,
    "svm": 0.0,
    "nn": 0.0,
    "facedetect": 1.0
  },
  "5": {
    "swaptions": 0.0,
    "ferret": 0.0,
    "bodytrack": 0.6430480565597446,
    "svm": 0.0,
    "nn": 0.0,
    "facedetect": 0.941233226126452
  },
  "6": {
    "swaptions": 0.0,
    "ferret": 0.0,
    "bodytrack": 0.6430480565597446,
    "svm": 0.0,
    "nn": 0.0,
    "facedetect": 0.941233226126452
  }
}