{
  "2": {
    "swaptions": 1.0,
    "ferret": 1.0,
    "bodytrack": 1.0,
    "svm": 0.6602929838087895,
    "nn": 0.5508474576271187,
    "facedetect": 1.0
  },
  "3": {
    "swaptions": 1.0,
    "ferret": 1.0,
    "bodytrack": 1.0,
    "svm": 0.5921356977640709,
    "nn": 0.564406779661017,
    "facedetect": 1.0
  },
  "4": {
    "swaptions": 0.9891595371868313,
    "ferret": 1.0,
    "bodytrack": 1.0,
    "svm": 0.7317656129529684,
    "nn": 0.5144067796610169,
    "facedetect": 1.0
  },
  "5": {
    "swaptions": 0.6,
    "ferret": 0.8,
    "bodytrack": 0.8,
    "svm": 0.7770239013107171,
    "nn": 0.5525423728813559,
    "facedetect": 1.0
  },
  "6": {
    "swaptions": 0.0,
    "ferret": 1.0,
    "bodytrack": 0.0,
    "svm": 0.8357748650732459,
    "nn": 0.7457627118644068,
    "facedetect": 1.0
  }
}