{
  "2": {
    "swaptions": 1.0,
    "ferret": 1.0,
    "bodytrack": 1.0,
    "svm": 0.664456437933693,
    "nn": 0.6542372881355931,
    "facedetect": 1.0
  },
  "3": {
    "swaptions": 0.9891595371868313,
    "ferret": 1.0,
    "bodytrack": 0.9805204573225886,
    "svm": 0.6776407093292212,
    "nn": 0.5313559322033898,
    "facedetect": 1.0
  },
  "4": {
    "swaptions": 1.0,
    "ferret": 1.0,
    "bodytrack": 0.9805204573225886,
    "svm": 0.5197378565921358,
    "nn": 0.5271186440677965,
    "facedetect": 1.0
  },
  "5": {
    "swaptions": 0.6,
    "ferret": 0.6,
    "bodytrack": 0.4,
    "svm": 0.7238242097147263,
    "nn": 0.5627118644067794,
    "facedetect": 1.0
  },
  "6": {
    "swaptions": 0.0,
    "ferret": 0.0,
    "bodytrack": 1.0,
    "svm": 0.7563608326908247,
    "nn": 0.6271186440677965,
    "facedetect": 1.0
  }
}