{
  "2": {
    "swaptions": 0.7982135488174102,
    "ferret": 1.0,
    "bodytrack": 0.8052045732258865,
    "svm": 0.40262143407864287,
    "nn": 0.5254237288135593,
    "facedetect": 1.0
  },
  "3": {
    "swaptions": 0.7982135488174101,
    "ferret": 0.9,
    "bodytrack": 0.8052045732258863,
    "svm": 0.37779491133384724,
    "nn": 0.5322033898305085,
    "facedetect": 1.0
  },
  "4": {
    "swaptions": 0.7982135488174101,
    "ferret": 0.7,
    "bodytrack": 0.8052045732258863,
    "svm": 0.08473400154202004,
    "nn": 0.21864406779661016,
    "facedetect": 1.0
  },
  "5": {
    "bodytrack": 0.40260228661294317,
    "swaptions": 0.23946406464522307,
    "ferret": 0.3,
    "nn": 0.03855932203389831,
    "svm": 0.0,
    "facedetect": 1.0
  },
  "6": {
    "bodytrack": 0.0,
    "swaptions": 0.0,
    "ferret": 0.0,
    "nn": 0.0,
    "svm": 0.0,
    "facedetect": 1.0
  }
}