{
  "2": {
    "swaptions": 0.7982135488174102,
    "ferret": 1.0,
    "bodytrack": 0.8052045732258865,
    "svm": 0.6164996144949884,
    "nn": 0.5627118644067796,
    "facedetect": 1.0
  },
  "3": {
    "swaptions": 0.7346635225411774,
    "ferret": 0.0,
    "bodytrack": 0.6845800113356242,
    "svm": 0.0,
    "nn": 0.0,
    "facedetect": 1.0
  },
  "4": {
    "swaptions": 0.7346635225411774,
    "ferret": 0.0,
    "bodytrack": 0.6845800113356242,
    "svm": 0.0,
    "nn": 0.0,
    "facedetect": 1.0
  },
  "5": {
    "bodytrack": 0.675399603787774,
    "swaptions": 0.2715743168854813,
    "ferret": 0.0,
    "nn": 0.0,
    "svm": 0.0,
    "facedetect": 1.0
  },
  "6": {
    "bodytrack": 0.6430480565597446,
    "swaptions": 0.2715743168854812,
    "ferret": 0.0,
    "nn": 0.0,
    "svm": 0.0,
    "facedetect": 1.0
  }
}