{
  "2": {
    "swaptions": 0.87579609973373,
    "ferret": 1.0,
    "bodytrack": 0.883122743935532,
    "svm": 0.600308404009252,
    "nn": 0.5559322033898304,
    "facedetect": 1.0
  },
  "3": {
    "swaptions": 0.5896411235630559,
    "ferret": 1.0,
    "bodytrack": 0.5710602877465056,
    "svm": 0.657054741711642,
    "nn": 0.5305084745762711,
    "facedetect": 1.0
  },
  "4": {
    "swaptions": 0.3472999664422348,
    "ferret": 1.0,
    "bodytrack": 0.3100193731013284,
    "svm": 0.6232845026985351,
    "nn": 0.4720338983050847,
    "facedetect": 1.0
  },
  "5": {
    "bodytrack": 0.0,
    "swaptions": 0.0,
    "ferret": 0.2,
    "nn": 0.49872881355932197,
    "svm": 0.0,
    "facedetect": 0.9764932904505809
  },
  "6": {
    "bodytrack": 0.8052045732258866,
    "swaptions": 0.0,
    "ferret": 0.0,
    "nn": 0.44703389830508466,
    "svm": 0.0,
    "facedetect": 0.941233226126452
  }
}