{
  "2": {
    "swaptions": 1.0,
    "ferret": 1.0,
    "bodytrack": 1.0,
    "svm": 0.664456437933693,
    "nn": 0.6542372881355931,
    "facedetect": 1.0
  },
  "3": {
    "swaptions": 0.9891595371868313,
    "ferret": 1.0,
    "bodytrack": 0.9805204573225886,
    "svm": 0.6776407093292212,
    "nn": 0.5313559322033898,
    "facedetect": 1.0
  },
  "4": {
    "swaptions": 1.0,
    "ferret": 1.0,
    "bodytrack": 0.9805204573225886,
    "svm": 0.5197378565921358,
    "nn": 0.5271186440677965,
    "facedetect": 1.0
  },
  "5": {
    "bodytrack": 0.75,
    "swaptions": 0.65,
    "ferret": 0.85,
    "nn": 0.5046610169491526,
    "svm": 0.6357748650732459,
    "facedetect": 1.0
  },
  "6": {
    "bodytrack": 0.0,
    "swaptions": 0.0,
    "ferret": 0.25,
    "nn": 0.5127118644067795,
    "svm": 0.6432151117964533,
    "facedetect": 1.0
  }
}