{
  "2": {
    "swaptions": 0.7855035435621637,
    "ferret": 1.0,
    "bodytrack": 0.8052045732258865,
    "svm": 0.682498072474942,
    "nn": 0.4389830508474576,
    "facedetect": 1.0
  },
  "3": {
    "swaptions": 0.772793538306917,
    "ferret": 0.8,
    "bodytrack": 0.7889889215592722,
    "svm": 0.48010794140323815,
    "nn": 0.447457627118644,
    "facedetect": 1.0
  },
  "4": {
    "swaptions": 0.7410185251688006,
    "ferret": 0.4,
    "bodytrack": 0.7079106632262013,
    "svm": 0.0,
    "nn": 0.5279661016949152,
    "facedetect": 1.0
  },
  "5": {
    "bodytrack": 0.6754793598929727,
    "swaptions": 0.6308189967876241,
    "ferret": 0.1,
    "nn": 0.2898305084745763,
    "svm": 0.0,
    "facedetect": 1.0
  },
  "6": {
    "bodytrack": 0.6430480565597446,
    "swaptions": 0.7346635225411773,
    "ferret": 0.0,
    "nn": 0.0,
    "svm": 0.0,
    "facedetect": 1.0
  }
}