{
  "2": {
    "swaptions": 0.7982135488174102,
    "ferret": 1.0,
    "bodytrack": 0.8052045732258865,
    "svm": 0.6007710100231304,
    "nn": 0.5525423728813559,
    "facedetect": 1.0
  },
  "3": {
    "swaptions": 0.7982135488174101,
    "ferret": 0.9,
    "bodytrack": 0.781079660847834,
    "svm": 0.39768696993060904,
    "nn": 0.47118644067796617,
    "facedetect": 0.9801138957447092
  },
  "4": {
    "swaptions": 0.7982135488174101,
    "ferret": 0.7,
    "bodytrack": 0.7769264653702461,
    "svm": 0.1271395528141866,
    "nn": 0.3525423728813559,
    "facedetect": 1.0
  },
  "5": {
    "bodytrack": 0.5390408232529579,
    "swaptions": 0.3192854195269641,
    "ferret": 0.25,
    "nn": 0.025847457627118653,
    "svm": 0.06318427139552815,
    "facedetect": 0.9764932904505809
  },
  "6": {
    "bodytrack": 0.6430480565597446,
    "swaptions": 0.19955338720435256,
    "ferret": 0.0,
    "nn": 0.0,
    "svm": 0.0,
    "facedetect": 1.0
  }
}