{
  "model_params": {
    "ferret1": {
      "poly": true,
      "diff": 0.5499124118714948,
      "mse": 0.6445861761693688,
      "r2": -30.24925220157303,
      "feature": [
        "AFREQ",
        "EXEC",
        "FREQ",
        "INST",
        "INSTnom%",
        "IPC",
        "L2HIT",
        "L2MPI",
        "PhysIPC%",
        "MEM"
      ],
      "mae": 0.5923653258933631,
      "file": "outputs/ferret/ferret1.pkl",
      "model_type": "linear"
    },
    "ferret2": {
      "poly": true,
      "diff": 31.85118923857844,
      "mse": 47.91608371732714,
      "r2": -156136.22745862143,
      "feature": [
        "AFREQ",
        "EXEC",
        "FREQ",
        "INST",
        "INSTnom%",
        "IPC",
        "L2HIT",
        "L2MPI",
        "PhysIPC%",
        "MEM"
      ],
      "mae": 33.27769910044353,
      "file": "outputs/ferret/ferret2.pkl",
      "model_type": "linear"
    },
    "ferret3": {
      "poly": true,
      "diff": 0.05998097005107311,
      "mse": 0.07093025712185888,
      "r2": 0.5513573335948301,
      "feature": [
        "AFREQ",
        "EXEC",
        "FREQ",
        "INST",
        "INSTnom%",
        "IPC",
        "L2HIT",
        "L2MPI",
        "PhysIPC%",
        "MEM"
      ],
      "mae": 0.06313586707815602,
      "file": "outputs/ferret/ferret3.pkl",
      "model_type": "linear"
    },
    "ferret4": {
      "poly": true,
      "diff": 84.57894442052924,
      "mse": 109.21505894408746,
      "r2": -681617.0634922893,
      "feature": [
        "AFREQ",
        "EXEC",
        "FREQ",
        "INST",
        "INSTnom%",
        "IPC",
        "L2MPI",
        "L3HIT",
        "PhysIPC%",
        "MEM"
      ],
      "mae": 89.63933270065881,
      "file": "outputs/ferret/ferret4.pkl",
      "model_type": "linear"
    },
    "ferret5": {
      "poly": true,
      "diff": 12.306568700549521,
      "mse": 13.775369838899532,
      "r2": -15210.370686039678,
      "feature": [
        "AFREQ",
        "EXEC",
        "FREQ",
        "INST",
        "INSTnom%",
        "IPC",
        "L2HIT",
        "L2MPI",
        "PhysIPC%",
        "MEM"
      ],
      "mae": 12.8810313068866,
      "file": "outputs/ferret/ferret5.pkl",
      "model_type": "linear"
    }
  },
  "CLUSTERED": true,
  "machine_id": 0,
  "overwrite": false,
  "cluster_info": {
    "ferret1": {
      "env": {
        "FREQ": 0.13505077745382654,
        "L2MISS": 3.135761904761734,
        "PhysIPC": 3.207770894072141,
        "INSTnom": 0.43293979591834686,
        "L2MPI": 0.0008699549319727756,
        "AFREQ": 1.0107796404276221,
        "PhysIPC%": 80.19104227405099,
        "INST": 3673.8918853255104,
        "L3MISS": 2.019160884353674,
        "WRITE": 0.049880464528667345,
        "L3MPI": 0.0005618433673469286,
        "L3HIT": 0.3569121720116427,
        "READ": 0.9721714771623364,
        "ACYC": 2292.6513605442856,
        "TIME(ticks)": 2121.14723032051,
        "INSTnom%": 10.823379737610205,
        "EXEC": 0.2164682215743571,
        "IPC": 1.6037813411077553,
        "L2HIT": 0.4959249757045816
      },
      "cluster": [
        "hash-8-itr-7-probe-8",
        "hash-8-itr-2-probe-10",
        "hash-8-itr-7-probe-6",
        "hash-7-itr-7-probe-14",
        "hash-8-itr-14-probe-12",
        "hash-8-itr-14-probe-10",
        "hash-8-itr-14-probe-16",
        "hash-7-itr-7-probe-10",
        "hash-8-itr-14-probe-18",
        "hash-8-itr-4-probe-10",
        "hash-8-itr-17-probe-20",
        "hash-7-itr-7-probe-12",
        "hash-8-itr-7-probe-20",
        "hash-8-itr-4-probe-12",
        "hash-8-itr-4-probe-20",
        "hash-8-itr-12-probe-14",
        "hash-6-itr-9-probe-20",
        "hash-8-itr-4-probe-16",
        "hash-7-itr-12-probe-20",
        "hash-7-itr-9-probe-12",
        "hash-7-itr-9-probe-10",
        "hash-8-itr-9-probe-4",
        "hash-7-itr-9-probe-16",
        "hash-7-itr-9-probe-14",
        "hash-7-itr-9-probe-18",
        "hash-8-itr-9-probe-8",
        "hash-6-itr-14-probe-18",
        "hash-7-itr-14-probe-12",
        "hash-6-itr-14-probe-20",
        "hash-7-itr-14-probe-16",
        "hash-7-itr-7-probe-20",
        "hash-8-itr-9-probe-6",
        "hash-6-itr-12-probe-20",
        "hash-7-itr-17-probe-20",
        "hash-7-itr-9-probe-20",
        "hash-8-itr-12-probe-20",
        "hash-7-itr-14-probe-20",
        "hash-5-itr-12-probe-18",
        "hash-8-itr-14-probe-14",
        "hash-8-itr-14-probe-20",
        "hash-8-itr-17-probe-18",
        "hash-8-itr-17-probe-16",
        "hash-8-itr-12-probe-18",
        "hash-8-itr-17-probe-14",
        "hash-8-itr-4-probe-18",
        "hash-8-itr-9-probe-12",
        "hash-8-itr-12-probe-10",
        "hash-8-itr-12-probe-12",
        "hash-8-itr-4-probe-14",
        "hash-8-itr-12-probe-16",
        "hash-7-itr-14-probe-18",
        "hash-8-itr-9-probe-10",
        "hash-6-itr-7-probe-20",
        "hash-8-itr-2-probe-8",
        "hash-7-itr-12-probe-18",
        "hash-8-itr-2-probe-4",
        "hash-7-itr-12-probe-16",
        "hash-8-itr-2-probe-6",
        "hash-7-itr-12-probe-14",
        "hash-7-itr-12-probe-12",
        "hash-8-itr-2-probe-2",
        "hash-8-itr-22-probe-16",
        "hash-8-itr-22-probe-14",
        "hash-8-itr-2-probe-20",
        "hash-8-itr-19-probe-20",
        "hash-8-itr-9-probe-18",
        "hash-7-itr-7-probe-18",
        "hash-7-itr-7-probe-16",
        "hash-6-itr-7-probe-18",
        "hash-6-itr-7-probe-12",
        "hash-6-itr-7-probe-16",
        "hash-6-itr-7-probe-14",
        "hash-8-itr-7-probe-10",
        "hash-8-itr-7-probe-12",
        "hash-8-itr-7-probe-14",
        "hash-8-itr-7-probe-16",
        "hash-8-itr-7-probe-18",
        "hash-7-itr-7-probe-6",
        "hash-6-itr-9-probe-18",
        "hash-8-itr-9-probe-16",
        "hash-8-itr-9-probe-14",
        "hash-6-itr-9-probe-12",
        "hash-6-itr-9-probe-14",
        "hash-7-itr-7-probe-8",
        "hash-6-itr-9-probe-16",
        "hash-8-itr-9-probe-20",
        "hash-8-itr-19-probe-16",
        "hash-8-itr-22-probe-18",
        "hash-8-itr-19-probe-18",
        "hash-8-itr-2-probe-18",
        "hash-8-itr-2-probe-16",
        "hash-8-itr-2-probe-14",
        "hash-8-itr-2-probe-12",
        "hash-8-itr-4-probe-8",
        "hash-8-itr-4-probe-6",
        "hash-8-itr-4-probe-4",
        "hash-6-itr-12-probe-16",
        "hash-6-itr-12-probe-18"
      ]
    },
    "ferret2": {
      "env": {
        "FREQ": 0.1329405895692381,
        "L2MISS": 1.6323004535147616,
        "PhysIPC": 3.6011020408171426,
        "INSTnom": 0.47942653061223806,
        "L2MPI": 0.00042252494331066663,
        "AFREQ": 1.0087269841270479,
        "PhysIPC%": 90.04024943310478,
        "INST": 4063.6077097499997,
        "L3MISS": 0.9105269841269522,
        "WRITE": 0.04149336734693808,
        "L3MPI": 0.00023364977324266665,
        "L3HIT": 0.4321188208616667,
        "READ": 0.6147780045351429,
        "ACYC": 2252.8979591842863,
        "TIME(ticks)": 2117.947845805238,
        "INSTnom%": 11.983843537419526,
        "EXEC": 0.23975736961447616,
        "IPC": 1.8011224489790476,
        "L2HIT": 0.6417639455781904
      },
      "cluster": [
        "hash-4-itr-22-probe-16",
        "hash-2-itr-22-probe-20",
        "hash-7-itr-17-probe-2",
        "hash-7-itr-22-probe-2",
        "hash-7-itr-19-probe-2",
        "hash-8-itr-25-probe-2",
        "hash-4-itr-25-probe-18",
        "hash-4-itr-25-probe-16",
        "hash-8-itr-22-probe-2",
        "hash-8-itr-22-probe-4",
        "hash-3-itr-22-probe-20",
        "hash-2-itr-25-probe-20",
        "hash-3-itr-25-probe-18",
        "hash-3-itr-25-probe-20",
        "hash-3-itr-25-probe-16",
        "hash-3-itr-22-probe-16",
        "hash-3-itr-22-probe-18",
        "hash-4-itr-25-probe-20",
        "hash-4-itr-22-probe-18",
        "hash-7-itr-25-probe-4",
        "hash-7-itr-25-probe-2"
      ]
    },
    "ferret3": {
      "env": {
        "FREQ": 0.12862051282053846,
        "L2MISS": 2.0591923076915384,