{
  "name": "ferret",
  "machine_id": 0,
  "model_type": "LINEAR",
  "model_params": {
    "ferret1": {
      "file": "outputs/ferret/ferret1.pkl",
      "mse": 0.053767550144395215,
      "mae": 0.04502358602971743,
      "diff": 0.04417587001636483,
      "r2": 0.847556141741401,
      "feature": [
        "EXEC",
        "FREQ",
        "INST",
        "INSTnom%",
        "IPC",
        "L2MISS",
        "L3HIT",
        "L3MISS",
        "L3MPI",
        "PhysIPC%",
        "MEM"
      ],
      "poly": false,
      "model_type": "linear"
    },
    "ferret2": {
      "file": "outputs/ferret/ferret2.pkl",
      "mse": 0.02676872619322621,
      "mae": 0.02128745987017304,
      "diff": 0.01999574326816266,
      "r2": 0.953659503698054,
      "feature": [
        "EXEC",
        "FREQ",
        "INST",
        "INSTnom%",
        "IPC",
        "L2MISS",
        "L2MPI",
        "L3MISS",
        "L3MPI",
        "PhysIPC%",
        "MEM"
      ],
      "poly": true,
      "model_type": "linear"
    },
    "ferret3": {
      "file": "outputs/ferret/ferret3.pkl",
      "mse": 0.02739297083133636,
      "mae": 0.02118456440098713,
      "diff": 0.019724500096103215,
      "r2": 0.9594989047115745,
      "feature": [
        "EXEC",
        "FREQ",
        "INST",
        "INSTnom%",
        "IPC",
        "L2MISS",
        "L2MPI",
        "L3MISS",
        "L3MPI",
        "PhysIPC%",
        "MEM"
      ],
      "poly": true,
      "model_type": "linear"
    }
  },
  "TRAINED": true,
  "CLUSTERED": true,
  "num_of_cluster": 3,
  "cluster_info": {
    "ferret1": {
      "cluster": [
        "hash-8-itr-14-probe-10",
        "hash-8-itr-4-probe-20",
        "hash-5-itr-17-probe-12",
        "hash-7-itr-17-probe-20",
        "hash-7-itr-12-probe-4"
      ],
      "env": {
        "ACYC": 7729.166666665999,
        "AFREQ": 1.05,
        "EXEC": 0.41641666666660004,
        "FREQ": 0.4575166666666,
        "INST": 7034.0,
        "INSTnom": 0.8329333333333999,
        "INSTnom%": 20.835,
        "IPC": 0.9102666666665999,
        "L2MISS": 27.360000000000003,
        "L2MPI": 0.003898833333334,
        "L3HIT": 0.8629166666666,
        "L3MISS": 3.217833333334,
        "L3MPI": 0.0004613,
        "PhysIPC": 1.8206666666659999,
        "PhysIPC%": 45.506666666659996,
        "READ": 1.353716666666,
        "TIME(ticks)": 2111.666666666,
        "WRITE": 0.145
      }
    },
    "ferret2": {
      "cluster": [
        "hash-8-itr-7-probe-2",
        "hash-8-itr-7-probe-4",
        "hash-5-itr-14-probe-12",
        "hash-4-itr-22-probe-16",
        "hash-8-itr-12-probe-6",
        "hash-8-itr-12-probe-4",
        "hash-8-itr-12-probe-2",
        "hash-7-itr-9-probe-8",
        "hash-7-itr-9-probe-2",
        "hash-7-itr-9-probe-4",
        "hash-8-itr-17-probe-6",
        "hash-7-itr-9-probe-6",
        "hash-8-itr-17-probe-4",
        "hash-4-itr-14-probe-16",
        "hash-7-itr-17-probe-2",
        "hash-7-itr-22-probe-8",
        "hash-7-itr-19-probe-8",
        "hash-7-itr-17-probe-4",
        "hash-7-itr-22-probe-2",
        "hash-7-itr-19-probe-6",
        "hash-7-itr-22-probe-6",
        "hash-7-itr-22-probe-4",
        "hash-7-itr-19-probe-4",
        "hash-8-itr-9-probe-4",
        "hash-8-itr-9-probe-2",
        "hash-7-itr-17-probe-8",
        "hash-8-itr-25-probe-4",
        "hash-8-itr-25-probe-6",
        "hash-8-itr-25-probe-2",
        "hash-5-itr-14-probe-14",
        "hash-5-itr-17-probe-14",
        "hash-5-itr-25-probe-14",
        "hash-8-itr-9-probe-6",
        "hash-4-itr-14-probe-18",
        "hash-2-itr-22-probe-20",
        "hash-7-itr-12-probe-6",
        "hash-5-itr-12-probe-12",
        "hash-7-itr-12-probe-2",
        "hash-7-itr-12-probe-8",
        "hash-4-itr-17-probe-20",
        "hash-4-itr-25-probe-18",
        "hash-7-itr-25-probe-8",
        "hash-4-itr-25-probe-16",
        "hash-4-itr-12-probe-20",
        "hash-8-itr-22-probe-2",
        "hash-8-itr-19-probe-2",
        "hash-8-itr-22-probe-6",
        "hash-8-itr-22-probe-4",
        "hash-7-itr-7-probe-2",
        "hash-3-itr-22-probe-20",
        "hash-8-itr-2-probe-4",
        "hash-8-itr-2-probe-6",
        "hash-8-itr-2-probe-2",
        "hash-2-itr-25-probe-20",
        "hash-7-itr-14-probe-2",
        "hash-7-itr-14-probe-4",
        "hash-7-itr-14-probe-6",
        "hash-4-itr-12-probe-18",
        "hash-4-itr-14-probe-20",
        "hash-3-itr-25-probe-18",
        "hash-4-itr-22-probe-20",
        "hash-7-itr-14-probe-8",
        "hash-5-itr-22-probe-12",
        "hash-3-itr-25-probe-20",
        "hash-5-itr-22-probe-14",
        "hash-3-itr-25-probe-16",
        "hash-3-itr-22-probe-16",
        "hash-3-itr-22-probe-18",
        "hash-7-itr-17-probe-6",
        "hash-4-itr-19-probe-16",
        "hash-7-itr-7-probe-6",
        "hash-7-itr-7-probe-4",
        "hash-4-itr-25-probe-20",
        "hash-4-itr-19-probe-20",
        "hash-7-itr-19-probe-2",
        "hash-7-itr-7-probe-8",
        "hash-5-itr-19-probe-14",
        "hash-5-itr-19-probe-12",
        "hash-4-itr-22-probe-18",
        "hash-4-itr-19-probe-18",
        "hash-4-itr-17-probe-16",
        "hash-8-itr-17-probe-2",
        "hash-8-itr-14-probe-2",
        "hash-8-itr-14-probe-4",
        "hash-4-itr-12-probe-16",
        "hash-8-itr-14-probe-6",
        "hash-4-itr-17-probe-18",
        "hash-5-itr-12-probe-14",
        "hash-8-itr-19-probe-4",
        "hash-8-itr-19-probe-6",
        "hash-7-itr-25-probe-4",
        "hash-8-itr-4-probe-2",
        "hash-8-itr-4-probe-6",
        "hash-8-itr-4-probe-4",
        "hash-7-itr-25-probe-6",
        "hash-5-itr-25-probe-12",
        "hash-7-itr-25-probe-2"
      ],
      "env": {
        "ACYC": 2229.759450172372,
        "AFREQ": 1.0349656357385573,
        "EXEC": 0.1866357388316083,
        "FREQ": 0.13146735395188663,
        "INST": 3163.814432989691,
        "INSTnom": 0.3733092783505362,
        "INSTnom%": 9.333573883161753,
        "IPC": 1.4174914089346393,
        "L2MISS": 3.458041237113506,
        "L2MPI": 0.0011156185567011854,
        "L3HIT": 0.34156357388313396,
        "L3MISS": 2.2782130584186597,
        "L3MPI": 0.0007334501718213609,
        "PhysIPC": 2.8350515463913393,
        "PhysIPC%": 70.87869415807421,
        "READ": 0.8062027491408655,
        "TIME(ticks)": 2121.408934708351,
        "WRITE": 0.04859360824741752
      }
    },